-- Inserciones
-- 1. ciudad_equipo
INSERT INTO ciudad_equipo (id_ciudad_equipo, habitantes, estado_ciudad_equipo) VALUES (1, 9073000, 'Greater London');
INSERT INTO ciudad_equipo (id_ciudad_equipo, habitantes, estado_ciudad_equipo) VALUES (2, 552000, 'Merseyside');
INSERT INTO ciudad_equipo (id_ciudad_equipo, habitantes, estado_ciudad_equipo) VALUES (3, 568000, 'Greater Manchester');
INSERT INTO ciudad_equipo (id_ciudad_equipo, habitantes, estado_ciudad_equipo) VALUES (4, 302000, 'Tyne and Wear');
INSERT INTO ciudad_equipo (id_ciudad_equipo, habitantes, estado_ciudad_equipo) VALUES (5, 259000, 'East Riding of Yorkshire');
INSERT INTO ciudad_equipo (id_ciudad_equipo, habitantes, estado_ciudad_equipo) VALUES (6, 329000, 'Nottinghamshire');
INSERT INTO ciudad_equipo (id_ciudad_equipo, habitantes, estado_ciudad_equipo) VALUES (7, 293000, 'East Sussex');
INSERT INTO ciudad_equipo (id_ciudad_equipo, habitantes, estado_ciudad_equipo) VALUES (8, 189000, 'Dorset');
INSERT INTO ciudad_equipo (id_ciudad_equipo, habitantes, estado_ciudad_equipo) VALUES (9, 792000, 'West Yorkshire');
INSERT INTO ciudad_equipo (id_ciudad_equipo, habitantes, estado_ciudad_equipo) VALUES (10, 89000, 'Lancashire');
INSERT INTO ciudad_equipo (id_ciudad_equipo, habitantes, estado_ciudad_equipo) VALUES (11, 372000, 'Kent');
INSERT INTO ciudad_equipo (id_ciudad_equipo, habitantes, estado_ciudad_equipo) VALUES (12, 263000, 'West Midlands');
INSERT INTO ciudad_equipo (id_ciudad_equipo, habitantes, estado_ciudad_equipo) VALUES (13, 1142000, 'West Midlands');
INSERT INTO ciudad_equipo (id_ciudad_equipo, habitantes, estado_ciudad_equipo) VALUES (14, 120000, 'Lancashire');
INSERT INTO ciudad_equipo (id_ciudad_equipo, habitantes, estado_ciudad_equipo) VALUES (15, 472000, 'South West England');
INSERT INTO ciudad_equipo (id_ciudad_equipo, habitantes, estado_ciudad_equipo) VALUES (16, 379000, 'South Yorkshire');
INSERT INTO ciudad_equipo (id_ciudad_equipo, habitantes, estado_ciudad_equipo) VALUES (17, 142000, 'South Yorkshire');
INSERT INTO ciudad_equipo (id_ciudad_equipo, habitantes, estado_ciudad_equipo) VALUES (18, 270000, 'Leicestershire');
INSERT INTO ciudad_equipo (id_ciudad_equipo, habitantes, estado_ciudad_equipo) VALUES (19, 138000, 'Suffolk');
INSERT INTO ciudad_equipo (id_ciudad_equipo, habitantes, estado_ciudad_equipo) VALUES (20, 260000, 'Hampshire');
INSERT INTO ciudad_equipo (id_ciudad_equipo, habitantes, estado_ciudad_equipo) VALUES (21, 140000, 'Norfolk');
INSERT INTO ciudad_equipo (id_ciudad_equipo, habitantes, estado_ciudad_equipo) VALUES (22, 165000, 'Oxfordshire');
INSERT INTO ciudad_equipo (id_ciudad_equipo, habitantes, estado_ciudad_equipo) VALUES (23, 215000, 'Hampshire');
INSERT INTO ciudad_equipo (id_ciudad_equipo, habitantes, estado_ciudad_equipo) VALUES (24, 144000, 'Lancashire');
INSERT INTO ciudad_equipo (id_ciudad_equipo, habitantes, estado_ciudad_equipo) VALUES (25, 259000, 'Staffordshire');
INSERT INTO ciudad_equipo (id_ciudad_equipo, habitantes, estado_ciudad_equipo) VALUES (26, 103000, 'Hertfordshire');
-- 2. equipo
INSERT INTO equipo (id_equipo, id_ciudad_equipo, nombre_equipo, fecha_fundacion, ultimo_campeonato, numero_de_campeonatos, apodo_equipo) VALUES (1, 1, 'Manchester City', '1880-05-01', '2024-05-19', 10, 'The Citizens');
INSERT INTO equipo (id_equipo, id_ciudad_equipo, nombre_equipo, fecha_fundacion, ultimo_campeonato, numero_de_campeonatos, apodo_equipo) VALUES (2, 2, 'Arsenal', '1886-12-01', '2004-05-15', 13, 'The Gunners');
INSERT INTO equipo (id_equipo, id_ciudad_equipo, nombre_equipo, fecha_fundacion, ultimo_campeonato, numero_de_campeonatos, apodo_equipo) VALUES (3, 3, 'Liverpool', '1892-06-03', '2020-07-26', 20, 'The Reds');
INSERT INTO equipo (id_equipo, id_ciudad_equipo, nombre_equipo, fecha_fundacion, ultimo_campeonato, numero_de_campeonatos, apodo_equipo) VALUES (4, 4, 'Chelsea', '1905-03-10', '2022-05-22', 7, 'The Blues');
INSERT INTO equipo (id_equipo, id_ciudad_equipo, nombre_equipo, fecha_fundacion, ultimo_campeonato, numero_de_campeonatos, apodo_equipo) VALUES (5, 5, 'Manchester Utd', '1878-01-01', '2013-05-22', 20, 'Red Devils');
INSERT INTO equipo (id_equipo, id_ciudad_equipo, nombre_equipo, fecha_fundacion, ultimo_campeonato, numero_de_campeonatos, apodo_equipo) VALUES (6, 6, 'Tottenham', '1882-09-05', '1961-04-29', 2, 'Spurs');
INSERT INTO equipo (id_equipo, id_ciudad_equipo, nombre_equipo, fecha_fundacion, ultimo_campeonato, numero_de_campeonatos, apodo_equipo) VALUES (7, 7, 'Newcastle Utd', '1892-12-09', '1927-05-07', 4, 'The Magpies');
INSERT INTO equipo (id_equipo, id_ciudad_equipo, nombre_equipo, fecha_fundacion, ultimo_campeonato, numero_de_campeonatos, apodo_equipo) VALUES (8, 8, 'Aston Villa', '1874-11-21', '1981-05-02', 7, 'The Villans');
INSERT INTO equipo (id_equipo, id_ciudad_equipo, nombre_equipo, fecha_fundacion, ultimo_campeonato, numero_de_campeonatos, apodo_equipo) VALUES (9, 9, 'West Ham Utd', '1895-06-29', '1965-05-01', 3, 'The Hammers');
INSERT INTO equipo (id_equipo, id_ciudad_equipo, nombre_equipo, fecha_fundacion, ultimo_campeonato, numero_de_campeonatos, apodo_equipo) VALUES (10, 10, 'Brighton', '1901-06-24', NULL, 0, 'The Seagulls');
INSERT INTO equipo (id_equipo, id_ciudad_equipo, nombre_equipo, fecha_fundacion, ultimo_campeonato, numero_de_campeonatos, apodo_equipo) VALUES (11, 11, 'Wolves', '1877-01-01', '1959-04-18', 3, 'Wolves');
INSERT INTO equipo (id_equipo, id_ciudad_equipo, nombre_equipo, fecha_fundacion, ultimo_campeonato, numero_de_campeonatos, apodo_equipo) VALUES (12, 12, 'Fulham', '1879-01-01', NULL, 0, 'The Cottagers');
INSERT INTO equipo (id_equipo, id_ciudad_equipo, nombre_equipo, fecha_fundacion, ultimo_campeonato, numero_de_campeonatos, apodo_equipo) VALUES (13, 13, 'Brentford', '1889-10-10', NULL, 0, 'The Bees');
INSERT INTO equipo (id_equipo, id_ciudad_equipo, nombre_equipo, fecha_fundacion, ultimo_campeonato, numero_de_campeonatos, apodo_equipo) VALUES (14, 14, 'Crystal Palace', '1905-09-10', NULL, 0, 'The Eagles');
INSERT INTO equipo (id_equipo, id_ciudad_equipo, nombre_equipo, fecha_fundacion, ultimo_campeonato, numero_de_campeonatos, apodo_equipo) VALUES (15, 15, 'Everton', '1878-11-30', '1987-05-09', 9, 'The Toffees');
INSERT INTO equipo (id_equipo, id_ciudad_equipo, nombre_equipo, fecha_fundacion, ultimo_campeonato, numero_de_campeonatos, apodo_equipo) VALUES (16, 16, 'Nottm Forest', '1865-08-07', '1978-05-06', 1, 'The Reds');
INSERT INTO equipo (id_equipo, id_ciudad_equipo, nombre_equipo, fecha_fundacion, ultimo_campeonato, numero_de_campeonatos, apodo_equipo) VALUES (17, 17, 'Burnley', '1882-05-18', '1960-05-07', 2, 'The Clarets');
INSERT INTO equipo (id_equipo, id_ciudad_equipo, nombre_equipo, fecha_fundacion, ultimo_campeonato, numero_de_campeonatos, apodo_equipo) VALUES (18, 18, 'Sheffield Utd', '1889-03-22', '1898-05-14', 1, 'The Blades');
INSERT INTO equipo (id_equipo, id_ciudad_equipo, nombre_equipo, fecha_fundacion, ultimo_campeonato, numero_de_campeonatos, apodo_equipo) VALUES (19, 19, 'Luton Town', '1885-04-01', NULL, 0, 'The Hatters');
INSERT INTO equipo (id_equipo, id_ciudad_equipo, nombre_equipo, fecha_fundacion, ultimo_campeonato, numero_de_campeonatos, apodo_equipo) VALUES (20, 20, 'Bournemouth', '1899-01-01', NULL, 0, 'The Cherries');
INSERT INTO equipo (id_equipo, id_ciudad_equipo, nombre_equipo, fecha_fundacion, ultimo_campeonato, numero_de_campeonatos, apodo_equipo) VALUES (21, 21, 'Leicester City', '1884-08-01', '2016-05-07', 1, 'The Foxes');
INSERT INTO equipo (id_equipo, id_ciudad_equipo, nombre_equipo, fecha_fundacion, ultimo_campeonato, numero_de_campeonatos, apodo_equipo) VALUES (22, 22, 'Leeds Utd', '1919-10-17', '1992-05-02', 3, 'The Whites');
INSERT INTO equipo (id_equipo, id_ciudad_equipo, nombre_equipo, fecha_fundacion, ultimo_campeonato, numero_de_campeonatos, apodo_equipo) VALUES (23, 23, 'Southampton', '1885-11-21', NULL, 0, 'The Saints');
INSERT INTO equipo (id_equipo, id_ciudad_equipo, nombre_equipo, fecha_fundacion, ultimo_campeonato, numero_de_campeonatos, apodo_equipo) VALUES (24, 24, 'Watford', '1881-01-01', NULL, 0, 'The Hornets');
INSERT INTO equipo (id_equipo, id_ciudad_equipo, nombre_equipo, fecha_fundacion, ultimo_campeonato, numero_de_campeonatos, apodo_equipo) VALUES (25, 8, 'Ipswich Town', '1878-01-01', NULL, 0, 'The Tractor Boys');
INSERT INTO equipo (id_equipo, id_ciudad_equipo, nombre_equipo, fecha_fundacion, ultimo_campeonato, numero_de_campeonatos, apodo_equipo) VALUES (26, 11, 'Sunderland', '1879-10-22', '1936-05-02', 6, 'The Black Cats');
INSERT INTO equipo (id_equipo, id_ciudad_equipo, nombre_equipo, fecha_fundacion, ultimo_campeonato, numero_de_campeonatos, apodo_equipo) VALUES (27, 21, 'Middlesbrough', '1876-02-22', '1914-05-02', 0, 'The Boro');
INSERT INTO equipo (id_equipo, id_ciudad_equipo, nombre_equipo, fecha_fundacion, ultimo_campeonato, numero_de_campeonatos, apodo_equipo) VALUES (28, 22, 'Blackburn Rovers', '1875-11-01', '1995-05-14', 3, 'Rovers');
INSERT INTO equipo (id_equipo, id_ciudad_equipo, nombre_equipo, fecha_fundacion, ultimo_campeonato, numero_de_campeonatos, apodo_equipo) VALUES (29, 21, 'Bolton Wanderers', '1874-08-01', '1929-04-27', 4, 'The Trotters');
INSERT INTO equipo (id_equipo, id_ciudad_equipo, nombre_equipo, fecha_fundacion, ultimo_campeonato, numero_de_campeonatos, apodo_equipo) VALUES (30, 19, 'Stoke City', '1863-02-13', '1933-04-29', 0, 'The Potters');
INSERT INTO equipo (id_equipo, id_ciudad_equipo, nombre_equipo, fecha_fundacion, ultimo_campeonato, numero_de_campeonatos, apodo_equipo) VALUES (31, 1, 'Cruz Azul', '2021-08-01', '1929-04-27', 9, 'La poderosisima maquina cementera de la cruz azul');
INSERT INTO equipo (id_equipo, id_ciudad_equipo, nombre_equipo, fecha_fundacion, ultimo_campeonato, numero_de_campeonatos, apodo_equipo) VALUES (32, 3, 'Chuiquipumas', '2001-02-13', '1533-04-29', 7, 'No es grande');


-- 3. torneo
INSERT INTO torneo (id_torneo, campeon_torneo, subcampeon, goleador_torneo, mvp_torneo, temporada_torneo) VALUES (1, 'Manchester City', 'Arsenal', 'Erling Haaland', 'Erling Haaland', '2022-08-05');
INSERT INTO torneo (id_torneo, campeon_torneo, subcampeon, goleador_torneo, mvp_torneo, temporada_torneo) VALUES (2, 'Manchester City', 'Arsenal', 'Erling Haaland', 'Erling Haaland', '2023-08-11');
INSERT INTO torneo (id_torneo, campeon_torneo, subcampeon, goleador_torneo, mvp_torneo, temporada_torneo) VALUES (3, 'Liverpool', 'Manchester City', 'Mohamed Salah', 'Mohamed Salah', '2019-08-09');
INSERT INTO torneo (id_torneo, campeon_torneo, subcampeon, goleador_torneo, mvp_torneo, temporada_torneo) VALUES (4, 'Liverpool', 'Manchester City', 'Jamie Vardy', 'Jordan Henderson', '2020-09-12');
INSERT INTO torneo (id_torneo, campeon_torneo, subcampeon, goleador_torneo, mvp_torneo, temporada_torneo) VALUES (5, 'Manchester City', 'Liverpool', 'Mohamed Salah', 'Kevin De Bruyne', '2021-08-13');
INSERT INTO torneo (id_torneo, campeon_torneo, subcampeon, goleador_torneo, mvp_torneo, temporada_torneo) VALUES (6, 'Leicester City', 'Arsenal', 'Harry Kane', 'Riyad Mahrez', '2015-08-08');
INSERT INTO torneo (id_torneo, campeon_torneo, subcampeon, goleador_torneo, mvp_torneo, temporada_torneo) VALUES (7, 'Chelsea', 'Manchester City', 'Harry Kane', 'N Golo Kante', '2016-08-13');
INSERT INTO torneo (id_torneo, campeon_torneo, subcampeon, goleador_torneo, mvp_torneo, temporada_torneo) VALUES (8, 'Manchester City', 'Manchester Utd', 'Mohamed Salah', 'Kevin De Bruyne', '2017-08-11');
INSERT INTO torneo (id_torneo, campeon_torneo, subcampeon, goleador_torneo, mvp_torneo, temporada_torneo) VALUES (9, 'Manchester City', 'Liverpool', 'Pierre-Em Aubameyang', 'Leroy Sane', '2018-08-10');
INSERT INTO torneo (id_torneo, campeon_torneo, subcampeon, goleador_torneo, mvp_torneo, temporada_torneo) VALUES (10, 'Chelsea', 'Liverpool', 'Harry Kane', 'Jorginho', '2014-08-16');
INSERT INTO torneo (id_torneo, campeon_torneo, subcampeon, goleador_torneo, mvp_torneo, temporada_torneo) VALUES (11, 'Manchester City', 'Aston Villa', 'Son Heung-min', 'Phil Foden', '2024-08-16');
INSERT INTO torneo (id_torneo, campeon_torneo, subcampeon, goleador_torneo, mvp_torneo, temporada_torneo) VALUES (12, 'Manchester Utd', 'Arsenal', 'Robin van Persie', 'Robin van Persie', '2012-08-18');
INSERT INTO torneo (id_torneo, campeon_torneo, subcampeon, goleador_torneo, mvp_torneo, temporada_torneo) VALUES (13, 'Manchester City', 'Manchester Utd', 'Carlos Tevez', 'Vincent Kompany', '2011-08-13');
INSERT INTO torneo (id_torneo, campeon_torneo, subcampeon, goleador_torneo, mvp_torneo, temporada_torneo) VALUES (14, 'Chelsea', 'Manchester Utd', 'Didier Drogba', 'Frank Lampard', '2009-08-15');
INSERT INTO torneo (id_torneo, campeon_torneo, subcampeon, goleador_torneo, mvp_torneo, temporada_torneo) VALUES (15, 'Manchester Utd', 'Liverpool', 'Nicolas Anelka', 'Cristiano Ronaldo', '2008-08-16');
INSERT INTO torneo (id_torneo, campeon_torneo, subcampeon, goleador_torneo, mvp_torneo, temporada_torneo) VALUES (16, 'Chelsea', 'Manchester Utd', 'Didier Drogba', 'Jose Mourinho', '2005-08-13');
INSERT INTO torneo (id_torneo, campeon_torneo, subcampeon, goleador_torneo, mvp_torneo, temporada_torneo) VALUES (17, 'Arsenal', 'Chelsea', 'Thierry Henry', 'Thierry Henry', '2003-08-16');
INSERT INTO torneo (id_torneo, campeon_torneo, subcampeon, goleador_torneo, mvp_torneo, temporada_torneo) VALUES (18, 'Manchester Utd', 'Arsenal', 'Ruud van Nistelrooy', 'Roy Keane', '2002-08-17');
INSERT INTO torneo (id_torneo, campeon_torneo, subcampeon, goleador_torneo, mvp_torneo, temporada_torneo) VALUES (19, 'Arsenal', 'Liverpool', 'Thierry Henry', 'Thierry Henry', '2001-08-18');
INSERT INTO torneo (id_torneo, campeon_torneo, subcampeon, goleador_torneo, mvp_torneo, temporada_torneo) VALUES (20, 'Manchester Utd', 'Arsenal', 'Kevin Phillips', 'Roy Keane', '1999-08-07');
INSERT INTO torneo (id_torneo, campeon_torneo, subcampeon, goleador_torneo, mvp_torneo, temporada_torneo) VALUES (21, 'Manchester Utd', 'Barnsley', 'Michael Owen', 'Peter Schmeichel', '1997-08-09');
INSERT INTO torneo (id_torneo, campeon_torneo, subcampeon, goleador_torneo, mvp_torneo, temporada_torneo) VALUES (22, 'Manchester Utd', 'Newcastle Utd', 'Alan Shearer', 'Eric Cantona', '1996-08-17');
INSERT INTO torneo (id_torneo, campeon_torneo, subcampeon, goleador_torneo, mvp_torneo, temporada_torneo) VALUES (23, 'Blackburn Rovers', 'Manchester Utd', 'Alan Shearer', 'Alan Shearer', '1994-08-20');
INSERT INTO torneo (id_torneo, campeon_torneo, subcampeon, goleador_torneo, mvp_torneo, temporada_torneo) VALUES (24, 'Manchester Utd', 'Aston Villa', 'Teddy Sheringham', 'Eric Cantona', '1993-08-14');
INSERT INTO torneo (id_torneo, campeon_torneo, subcampeon, goleador_torneo, mvp_torneo, temporada_torneo) VALUES (25, 'Manchester Utd', 'Chelsea', 'Cristiano Ronaldo', 'Cristiano Ronaldo', '2006-08-19');
INSERT INTO torneo (id_torneo, campeon_torneo, subcampeon, goleador_torneo, mvp_torneo, temporada_torneo) VALUES (26, 'Manchester Utd', 'Tottenham', 'Dimitar Berbatov', 'Wayne Rooney', '2010-08-14');
INSERT INTO torneo (id_torneo, campeon_torneo, subcampeon, goleador_torneo, mvp_torneo, temporada_torneo) VALUES (27, 'Chelsea', 'Arsenal', 'Eden Hazard', 'Eden Hazard', '2014-08-16');
INSERT INTO torneo (id_torneo, campeon_torneo, subcampeon, goleador_torneo, mvp_torneo, temporada_torneo) VALUES (28, 'Manchester City', 'Chelsea', 'Sergio Aguero', 'David Silva', '2013-08-17');
INSERT INTO torneo (id_torneo, campeon_torneo, subcampeon, goleador_torneo, mvp_torneo, temporada_torneo) VALUES (29, 'Arsenal', 'Chelsea', 'Thierry Henry', 'Patrick Vieira', '2004-08-14');
INSERT INTO torneo (id_torneo, campeon_torneo, subcampeon, goleador_torneo, mvp_torneo, temporada_torneo) VALUES (30, 'Manchester Utd', 'Liverpool', 'Wayne Rooney', 'Wayne Rooney', '2007-08-11');
-- 4. desempenio_torneo
INSERT INTO desempenio_torneo (id_torneo, id_equipo, posicion, goles_favor, goles_contra, victorias, empates, derrotas, puntos_totales) VALUES (1, 1, 1, 94, 33, 28, 5, 5, 89);
INSERT INTO desempenio_torneo (id_torneo, id_equipo, posicion, goles_favor, goles_contra, victorias, empates, derrotas, puntos_totales) VALUES (1, 2, 2, 88, 43, 26, 6, 6, 84);
INSERT INTO desempenio_torneo (id_torneo, id_equipo, posicion, goles_favor, goles_contra, victorias, empates, derrotas, puntos_totales) VALUES (1, 3, 3, 75, 47, 19, 10, 9, 67);
INSERT INTO desempenio_torneo (id_torneo, id_equipo, posicion, goles_favor, goles_contra, victorias, empates, derrotas, puntos_totales) VALUES (2, 1, 1, 96, 34, 28, 5, 5, 89);
INSERT INTO desempenio_torneo (id_torneo, id_equipo, posicion, goles_favor, goles_contra, victorias, empates, derrotas, puntos_totales) VALUES (2, 2, 2, 91, 29, 28, 5, 5, 89);
INSERT INTO desempenio_torneo (id_torneo, id_equipo, posicion, goles_favor, goles_contra, victorias, empates, derrotas, puntos_totales) VALUES (2, 3, 3, 86, 41, 24, 9, 5, 81);
INSERT INTO desempenio_torneo (id_torneo, id_equipo, posicion, goles_favor, goles_contra, victorias, empates, derrotas, puntos_totales) VALUES (3, 3, 1, 85, 33, 26, 9, 3, 87);
INSERT INTO desempenio_torneo (id_torneo, id_equipo, posicion, goles_favor, goles_contra, victorias, empates, derrotas, puntos_totales) VALUES (3, 1, 2, 102, 35, 26, 9, 3, 87);
INSERT INTO desempenio_torneo (id_torneo, id_equipo, posicion, goles_favor, goles_contra, victorias, empates, derrotas, puntos_totales) VALUES (3, 4, 3, 69, 54, 20, 6, 12, 66);
INSERT INTO desempenio_torneo (id_torneo, id_equipo, posicion, goles_favor, goles_contra, victorias, empates, derrotas, puntos_totales) VALUES (4, 3, 1, 78, 33, 26, 8, 4, 86);
INSERT INTO desempenio_torneo (id_torneo, id_equipo, posicion, goles_favor, goles_contra, victorias, empates, derrotas, puntos_totales) VALUES (4, 1, 2, 100, 35, 26, 9, 3, 87);
INSERT INTO desempenio_torneo (id_torneo, id_equipo, posicion, goles_favor, goles_contra, victorias, empates, derrotas, puntos_totales) VALUES (5, 1, 1, 83, 32, 27, 5, 6, 86);
INSERT INTO desempenio_torneo (id_torneo, id_equipo, posicion, goles_favor, goles_contra, victorias, empates, derrotas, puntos_totales) VALUES (5, 3, 2, 94, 26, 23, 9, 6, 78);
INSERT INTO desempenio_torneo (id_torneo, id_equipo, posicion, goles_favor, goles_contra, victorias, empates, derrotas, puntos_totales) VALUES (6, 21, 1, 68, 36, 23, 12, 3, 81);
INSERT INTO desempenio_torneo (id_torneo, id_equipo, posicion, goles_favor, goles_contra, victorias, empates, derrotas, puntos_totales) VALUES (7, 4, 1, 85, 32, 29, 4, 5, 91);
INSERT INTO desempenio_torneo (id_torneo, id_equipo, posicion, goles_favor, goles_contra, victorias, empates, derrotas, puntos_totales) VALUES (7, 6, 2, 86, 35, 26, 8, 4, 86);
INSERT INTO desempenio_torneo (id_torneo, id_equipo, posicion, goles_favor, goles_contra, victorias, empates, derrotas, puntos_totales) VALUES (8, 1, 1, 106, 27, 32, 4, 2, 100);
INSERT INTO desempenio_torneo (id_torneo, id_equipo, posicion, goles_favor, goles_contra, victorias, empates, derrotas, puntos_totales) VALUES (8, 5, 2, 68, 28, 25, 6, 7, 81);
INSERT INTO desempenio_torneo (id_torneo, id_equipo, posicion, goles_favor, goles_contra, victorias, empates, derrotas, puntos_totales) VALUES (9, 1, 1, 95, 23, 32, 2, 4, 98);
INSERT INTO desempenio_torneo (id_torneo, id_equipo, posicion, goles_favor, goles_contra, victorias, empates, derrotas, puntos_totales) VALUES (9, 3, 2, 89, 22, 30, 7, 1, 97);
INSERT INTO desempenio_torneo (id_torneo, id_equipo, posicion, goles_favor, goles_contra, victorias, empates, derrotas, puntos_totales) VALUES (10, 4, 1, 73, 32, 24, 7, 7, 79);
INSERT INTO desempenio_torneo (id_torneo, id_equipo, posicion, goles_favor, goles_contra, victorias, empates, derrotas, puntos_totales) VALUES (10, 3, 2, 52, 48, 16, 7, 15, 55);
INSERT INTO desempenio_torneo (id_torneo, id_equipo, posicion, goles_favor, goles_contra, victorias, empates, derrotas, puntos_totales) VALUES (11, 1, 1, 91, 34, 28, 7, 3, 91);
INSERT INTO desempenio_torneo (id_torneo, id_equipo, posicion, goles_favor, goles_contra, victorias, empates, derrotas, puntos_totales) VALUES (11, 2, 2, 91, 29, 28, 5, 5, 89);
INSERT INTO desempenio_torneo (id_torneo, id_equipo, posicion, goles_favor, goles_contra, victorias, empates, derrotas, puntos_totales) VALUES (12, 5, 1, 86, 43, 28, 5, 5, 89);
INSERT INTO desempenio_torneo (id_torneo, id_equipo, posicion, goles_favor, goles_contra, victorias, empates, derrotas, puntos_totales) VALUES (12, 2, 2, 72, 37, 21, 7, 10, 70);
INSERT INTO desempenio_torneo (id_torneo, id_equipo, posicion, goles_favor, goles_contra, victorias, empates, derrotas, puntos_totales) VALUES (13, 1, 1, 93, 29, 28, 5, 5, 89);
INSERT INTO desempenio_torneo (id_torneo, id_equipo, posicion, goles_favor, goles_contra, victorias, empates, derrotas, puntos_totales) VALUES (13, 5, 2, 64, 37, 23, 11, 4, 80);
INSERT INTO desempenio_torneo (id_torneo, id_equipo, posicion, goles_favor, goles_contra, victorias, empates, derrotas, puntos_totales) VALUES (14, 4, 1, 68, 24, 25, 8, 5, 83);
INSERT INTO desempenio_torneo (id_torneo, id_equipo, posicion, goles_favor, goles_contra, victorias, empates, derrotas, puntos_totales) VALUES (14, 5, 2, 68, 24, 28, 6, 4, 90);
-- 5. arquitecto_estadio
INSERT INTO arquitecto_estadio (id_arquitecto, primer_nombre_arqui, segundo_nombre_arqui, primer_apellido_arqui, segundo_apellido_arqui) VALUES (1, 'Archibald', 'Leitch', 'Leitch', NULL);
INSERT INTO arquitecto_estadio (id_arquitecto, primer_nombre_arqui, segundo_nombre_arqui, primer_apellido_arqui, segundo_apellido_arqui) VALUES (2, 'Colin', 'Stansfield', 'Smith', NULL);
INSERT INTO arquitecto_estadio (id_arquitecto, primer_nombre_arqui, segundo_nombre_arqui, primer_apellido_arqui, segundo_apellido_arqui) VALUES (3, 'Nicholas', 'Julian', 'Grimshaw', NULL);
INSERT INTO arquitecto_estadio (id_arquitecto, primer_nombre_arqui, segundo_nombre_arqui, primer_apellido_arqui, segundo_apellido_arqui) VALUES (4, 'Rod', 'James', 'Sheard', NULL);
INSERT INTO arquitecto_estadio (id_arquitecto, primer_nombre_arqui, segundo_nombre_arqui, primer_apellido_arqui, segundo_apellido_arqui) VALUES (5, 'Dennis', 'Paul', 'Sims', NULL);
INSERT INTO arquitecto_estadio (id_arquitecto, primer_nombre_arqui, segundo_nombre_arqui, primer_apellido_arqui, segundo_apellido_arqui) VALUES (6, 'Brian', 'Edward', 'Adshead', NULL);
INSERT INTO arquitecto_estadio (id_arquitecto, primer_nombre_arqui, segundo_nombre_arqui, primer_apellido_arqui, segundo_apellido_arqui) VALUES (7, 'Jonathan', 'Peter', 'Ellis', NULL);
INSERT INTO arquitecto_estadio (id_arquitecto, primer_nombre_arqui, segundo_nombre_arqui, primer_apellido_arqui, segundo_apellido_arqui) VALUES (8, 'Michael', 'Charles', 'Hopkins', NULL);
INSERT INTO arquitecto_estadio (id_arquitecto, primer_nombre_arqui, segundo_nombre_arqui, primer_apellido_arqui, segundo_apellido_arqui) VALUES (9, 'David', 'Thomas', 'Morley', NULL);
INSERT INTO arquitecto_estadio (id_arquitecto, primer_nombre_arqui, segundo_nombre_arqui, primer_apellido_arqui, segundo_apellido_arqui) VALUES (10, 'Mark', 'Jonathan', 'Roberts', NULL);
INSERT INTO arquitecto_estadio (id_arquitecto, primer_nombre_arqui, segundo_nombre_arqui, primer_apellido_arqui, segundo_apellido_arqui) VALUES (11, 'Graham', 'Philip', 'Jones', NULL);
INSERT INTO arquitecto_estadio (id_arquitecto, primer_nombre_arqui, segundo_nombre_arqui, primer_apellido_arqui, segundo_apellido_arqui) VALUES (12, 'Peter', 'William', 'Wright', NULL);
INSERT INTO arquitecto_estadio (id_arquitecto, primer_nombre_arqui, segundo_nombre_arqui, primer_apellido_arqui, segundo_apellido_arqui) VALUES (13, 'Andrew', 'James', 'Wood', NULL);
INSERT INTO arquitecto_estadio (id_arquitecto, primer_nombre_arqui, segundo_nombre_arqui, primer_apellido_arqui, segundo_apellido_arqui) VALUES (14, 'James', 'Francis', 'Miller', NULL);
INSERT INTO arquitecto_estadio (id_arquitecto, primer_nombre_arqui, segundo_nombre_arqui, primer_apellido_arqui, segundo_apellido_arqui) VALUES (15, 'Thomas', 'George', 'Taylor', NULL);
INSERT INTO arquitecto_estadio (id_arquitecto, primer_nombre_arqui, segundo_nombre_arqui, primer_apellido_arqui, segundo_apellido_arqui) VALUES (16, 'George', 'Edward', 'Webb', NULL);
INSERT INTO arquitecto_estadio (id_arquitecto, primer_nombre_arqui, segundo_nombre_arqui, primer_apellido_arqui, segundo_apellido_arqui) VALUES (17, 'Paul', 'Anthony', 'Johnson', NULL);
INSERT INTO arquitecto_estadio (id_arquitecto, primer_nombre_arqui, segundo_nombre_arqui, primer_apellido_arqui, segundo_apellido_arqui) VALUES (18, 'Christopher', 'Alan', 'Lee', NULL);
INSERT INTO arquitecto_estadio (id_arquitecto, primer_nombre_arqui, segundo_nombre_arqui, primer_apellido_arqui, segundo_apellido_arqui) VALUES (19, 'Simon', 'David', 'Harris', NULL);
INSERT INTO arquitecto_estadio (id_arquitecto, primer_nombre_arqui, segundo_nombre_arqui, primer_apellido_arqui, segundo_apellido_arqui) VALUES (20, 'Richard', 'John', 'Martin', NULL);
INSERT INTO arquitecto_estadio (id_arquitecto, primer_nombre_arqui, segundo_nombre_arqui, primer_apellido_arqui, segundo_apellido_arqui) VALUES (21, 'Ian', 'Charles', 'Thompson', NULL);
INSERT INTO arquitecto_estadio (id_arquitecto, primer_nombre_arqui, segundo_nombre_arqui, primer_apellido_arqui, segundo_apellido_arqui) VALUES (22, 'Stuart', 'Neil', 'White', NULL);
INSERT INTO arquitecto_estadio (id_arquitecto, primer_nombre_arqui, segundo_nombre_arqui, primer_apellido_arqui, segundo_apellido_arqui) VALUES (23, 'Kevin', 'Robert', 'Hall', NULL);
INSERT INTO arquitecto_estadio (id_arquitecto, primer_nombre_arqui, segundo_nombre_arqui, primer_apellido_arqui, segundo_apellido_arqui) VALUES (24, 'Alan', 'Michael', 'Clark', NULL);
INSERT INTO arquitecto_estadio (id_arquitecto, primer_nombre_arqui, segundo_nombre_arqui, primer_apellido_arqui, segundo_apellido_arqui) VALUES (25, 'Edward', 'Colin', 'Lewis', NULL);
INSERT INTO arquitecto_estadio (id_arquitecto, primer_nombre_arqui, segundo_nombre_arqui, primer_apellido_arqui, segundo_apellido_arqui) VALUES (26, 'William', 'Henry', 'Robinson', NULL);
INSERT INTO arquitecto_estadio (id_arquitecto, primer_nombre_arqui, segundo_nombre_arqui, primer_apellido_arqui, segundo_apellido_arqui) VALUES (27, 'Norman', 'Roy', 'Walker', NULL);
INSERT INTO arquitecto_estadio (id_arquitecto, primer_nombre_arqui, segundo_nombre_arqui, primer_apellido_arqui, segundo_apellido_arqui) VALUES (28, 'Raymond', 'Victor', 'Young', NULL);
INSERT INTO arquitecto_estadio (id_arquitecto, primer_nombre_arqui, segundo_nombre_arqui, primer_apellido_arqui, segundo_apellido_arqui) VALUES (29, 'Desmond', 'Lyle', 'King', NULL);
INSERT INTO arquitecto_estadio (id_arquitecto, primer_nombre_arqui, segundo_nombre_arqui, primer_apellido_arqui, segundo_apellido_arqui) VALUES (30, 'Roger', 'Barry', 'Scott', NULL);
INSERT INTO arquitecto_estadio (id_arquitecto, primer_nombre_arqui, segundo_nombre_arqui, primer_apellido_arqui, segundo_apellido_arqui) VALUES (30, 'Diego', 'Skibidi', 'Navarro', 'Gomez');
-- 6. pasto
INSERT INTO pasto (id_pasto, tipo_pasto) VALUES (1, 'Natural');
INSERT INTO pasto (id_pasto, tipo_pasto) VALUES (2, 'Hibrido');
INSERT INTO pasto (id_pasto, tipo_pasto) VALUES (3, 'Sintetico');
INSERT INTO pasto (id_pasto, tipo_pasto) VALUES (4, 'verde');
INSERT INTO pasto (id_pasto, tipo_pasto) VALUES (5, 'quemado');

-- 7. direccion_estadio
INSERT INTO direccion_estadio (id_direccion, numero_estadio, calle_estadio, alcaldia_estadio, ciudad_estadio) VALUES (1, 1, 'Etihad Campus', 'East Manchester', 'Manchester');
INSERT INTO direccion_estadio (id_direccion, numero_estadio, calle_estadio, alcaldia_estadio, ciudad_estadio) VALUES (2, 1, 'Avenell Road', 'Holloway', 'London');
INSERT INTO direccion_estadio (id_direccion, numero_estadio, calle_estadio, alcaldia_estadio, ciudad_estadio) VALUES (3, 1, 'Anfield Road', 'Anfield', 'Liverpool');
INSERT INTO direccion_estadio (id_direccion, numero_estadio, calle_estadio, alcaldia_estadio, ciudad_estadio) VALUES (4, 1, 'Fulham Road', 'Fulham', 'London');
INSERT INTO direccion_estadio (id_direccion, numero_estadio, calle_estadio, alcaldia_estadio, ciudad_estadio) VALUES (5, 1, 'Sir Matt Busby Way', 'Stretford', 'Manchester');
INSERT INTO direccion_estadio (id_direccion, numero_estadio, calle_estadio, alcaldia_estadio, ciudad_estadio) VALUES (6, 1, 'Tottenham High Road', 'Haringey', 'London');
INSERT INTO direccion_estadio (id_direccion, numero_estadio, calle_estadio, alcaldia_estadio, ciudad_estadio) VALUES (7, 1, 'Barrack Road', 'St James', 'Newcastle');
INSERT INTO direccion_estadio (id_direccion, numero_estadio, calle_estadio, alcaldia_estadio, ciudad_estadio) VALUES (8, 1, 'Trinity Road', 'Aston', 'Birmingham');
INSERT INTO direccion_estadio (id_direccion, numero_estadio, calle_estadio, alcaldia_estadio, ciudad_estadio) VALUES (9, 1, 'London Stadium', 'Stratford', 'London');
INSERT INTO direccion_estadio (id_direccion, numero_estadio, calle_estadio, alcaldia_estadio, ciudad_estadio) VALUES (10, 1, 'Falmer', 'Falmer', 'Brighton');
INSERT INTO direccion_estadio (id_direccion, numero_estadio, calle_estadio, alcaldia_estadio, ciudad_estadio) VALUES (11, 1, 'Waterloo Road', 'Wolverhampton', 'Wolverhampton');
INSERT INTO direccion_estadio (id_direccion, numero_estadio, calle_estadio, alcaldia_estadio, ciudad_estadio) VALUES (12, 1, 'Stevenage Road', 'Fulham', 'London');
INSERT INTO direccion_estadio (id_direccion, numero_estadio, calle_estadio, alcaldia_estadio, ciudad_estadio) VALUES (13, 1, 'Braemar Road', 'Brentford', 'London');
INSERT INTO direccion_estadio (id_direccion, numero_estadio, calle_estadio, alcaldia_estadio, ciudad_estadio) VALUES (14, 1, 'Selhurst', 'Selhurst', 'London');
INSERT INTO direccion_estadio (id_direccion, numero_estadio, calle_estadio, alcaldia_estadio, ciudad_estadio) VALUES (15, 1, 'Goodison Road', 'Walton', 'Liverpool');
INSERT INTO direccion_estadio (id_direccion, numero_estadio, calle_estadio, alcaldia_estadio, ciudad_estadio) VALUES (16, 1, 'City Ground', 'West Bridgford', 'Nottingham');
INSERT INTO direccion_estadio (id_direccion, numero_estadio, calle_estadio, alcaldia_estadio, ciudad_estadio) VALUES (17, 1, 'Harry Potts Way', 'Burnley', 'Lancashire');
INSERT INTO direccion_estadio (id_direccion, numero_estadio, calle_estadio, alcaldia_estadio, ciudad_estadio) VALUES (18, 1, 'Cherry Street', 'Bramall Lane', 'Sheffield');
INSERT INTO direccion_estadio (id_direccion, numero_estadio, calle_estadio, alcaldia_estadio, ciudad_estadio) VALUES (19, 1, 'Maple Road', 'Kenilworth Road', 'Luton');
INSERT INTO direccion_estadio (id_direccion, numero_estadio, calle_estadio, alcaldia_estadio, ciudad_estadio) VALUES (20, 1, 'Dean Court', 'Kings Park', 'Bournemouth');
INSERT INTO direccion_estadio (id_direccion, numero_estadio, calle_estadio, alcaldia_estadio, ciudad_estadio) VALUES (21, 1, 'Filbert Street', 'King Power', 'Leicester');
INSERT INTO direccion_estadio (id_direccion, numero_estadio, calle_estadio, alcaldia_estadio, ciudad_estadio) VALUES (22, 1, 'Elland Road', 'Beeston', 'Leeds');
INSERT INTO direccion_estadio (id_direccion, numero_estadio, calle_estadio, alcaldia_estadio, ciudad_estadio) VALUES (23, 1, 'St Marys Stadium', 'Nicholstown', 'Southampton');
INSERT INTO direccion_estadio (id_direccion, numero_estadio, calle_estadio, alcaldia_estadio, ciudad_estadio) VALUES (24, 1, 'Vicarage Road', 'Watford', 'Hertfordshire');
INSERT INTO direccion_estadio (id_direccion, numero_estadio, calle_estadio, alcaldia_estadio, ciudad_estadio) VALUES (25, 1, 'Portman Road', 'Ipswich', 'Suffolk');
INSERT INTO direccion_estadio (id_direccion, numero_estadio, calle_estadio, alcaldia_estadio, ciudad_estadio) VALUES (26, 1, 'Stadium of Light', 'Sunderland', 'Tyne Wear');
INSERT INTO direccion_estadio (id_direccion, numero_estadio, calle_estadio, alcaldia_estadio, ciudad_estadio) VALUES (27, 1, 'Riverside Stadium', 'Middlesbrough', 'North Yorkshire');
INSERT INTO direccion_estadio (id_direccion, numero_estadio, calle_estadio, alcaldia_estadio, ciudad_estadio) VALUES (28, 1, 'Nuttall Street', 'Blackburn', 'Lancashire');
INSERT INTO direccion_estadio (id_direccion, numero_estadio, calle_estadio, alcaldia_estadio, ciudad_estadio) VALUES (29, 1, 'Burnden Way', 'Bolton', 'Greater Manchester');
INSERT INTO direccion_estadio (id_direccion, numero_estadio, calle_estadio, alcaldia_estadio, ciudad_estadio) VALUES (30, 1, 'Stanley Matthews Way', 'Stoke', 'Staffordshire');
INSERT INTO direccion_estadio (id_direccion, numero_estadio, calle_estadio, alcaldia_estadio, ciudad_estadio) VALUES (31, 67, 'Periferico', 'Iztapalapa', 'CDMX');
INSERT INTO direccion_estadio (id_direccion, numero_estadio, calle_estadio, alcaldia_estadio, ciudad_estadio) VALUES (32, 67, 'Av. Tlalpan', 'Tlalpan', 'CDMX');
-- 8. estadio
INSERT INTO estadio (id_estadio, id_arquitecto, id_pasto, id_direccion, nombre_estadio, fecha_ignauguracion, capacidad_total) VALUES (1, 4, 2, 1, 'Etihad Stadium', '2003-08-10', 53400);
INSERT INTO estadio (id_estadio, id_arquitecto, id_pasto, id_direccion, nombre_estadio, fecha_ignauguracion, capacidad_total) VALUES (2, 1, 1, 2, 'Emirates Stadium', '2006-07-22', 0);
INSERT INTO estadio (id_estadio, id_arquitecto, id_pasto, id_direccion, nombre_estadio, fecha_ignauguracion, capacidad_total) VALUES (3, 8, 1, 3, 'Anfield', '1884-09-28', 61276);
INSERT INTO estadio (id_estadio, id_arquitecto, id_pasto, id_direccion, nombre_estadio, fecha_ignauguracion, capacidad_total) VALUES (4, 2, 1, 4, 'Stamford Bridge', '1877-04-28', 40834);
INSERT INTO estadio (id_estadio, id_arquitecto, id_pasto, id_direccion, nombre_estadio, fecha_ignauguracion, capacidad_total) VALUES (5, 1, 2, 5, 'Old Trafford', '1910-02-19', 74310);
INSERT INTO estadio (id_estadio, id_arquitecto, id_pasto, id_direccion, nombre_estadio, fecha_ignauguracion, capacidad_total) VALUES (6, 4, 2, 6, 'Tottenham Hotspur', '2019-04-03', 62850);
INSERT INTO estadio (id_estadio, id_arquitecto, id_pasto, id_direccion, nombre_estadio, fecha_ignauguracion, capacidad_total) VALUES (7, 6, 1, 7, 'St James Park', '1880-01-01', 52305);
INSERT INTO estadio (id_estadio, id_arquitecto, id_pasto, id_direccion, nombre_estadio, fecha_ignauguracion, capacidad_total) VALUES (8, 7, 1, 8, 'Villa Park', '1897-04-17', 42785);
INSERT INTO estadio (id_estadio, id_arquitecto, id_pasto, id_direccion, nombre_estadio, fecha_ignauguracion, capacidad_total) VALUES (9, 9, 2, 9, 'London Stadium', '2016-07-23', 62500);
INSERT INTO estadio (id_estadio, id_arquitecto, id_pasto, id_direccion, nombre_estadio, fecha_ignauguracion, capacidad_total) VALUES (10, 10, 2, 10, 'Amex Stadium', '2011-07-23', 31800);
INSERT INTO estadio (id_estadio, id_arquitecto, id_pasto, id_direccion, nombre_estadio, fecha_ignauguracion, capacidad_total) VALUES (11, 11, 1, 11, 'Molineux Stadium', '1889-09-07', 32050);
INSERT INTO estadio (id_estadio, id_arquitecto, id_pasto, id_direccion, nombre_estadio, fecha_ignauguracion, capacidad_total) VALUES (12, 12, 1, 12, 'Craven Cottage', '1896-10-10', 29600);
INSERT INTO estadio (id_estadio, id_arquitecto, id_pasto, id_direccion, nombre_estadio, fecha_ignauguracion, capacidad_total) VALUES (13, 13, 2, 13, 'Gtech Comm Stadium', '2020-09-12', 17250);
INSERT INTO estadio (id_estadio, id_arquitecto, id_pasto, id_direccion, nombre_estadio, fecha_ignauguracion, capacidad_total) VALUES (14, 14, 1, 14, 'Selhurst Park', '1924-09-06', 25486);
INSERT INTO estadio (id_estadio, id_arquitecto, id_pasto, id_direccion, nombre_estadio, fecha_ignauguracion, capacidad_total) VALUES (15, 1, 1, 15, 'Goodison Park', '1892-08-24', 39414);
INSERT INTO estadio (id_estadio, id_arquitecto, id_pasto, id_direccion, nombre_estadio, fecha_ignauguracion, capacidad_total) VALUES (16, 15, 1, 16, 'City Ground', '1898-01-01', 30445);
INSERT INTO estadio (id_estadio, id_arquitecto, id_pasto, id_direccion, nombre_estadio, fecha_ignauguracion, capacidad_total) VALUES (17, 16, 1, 17, 'Turf Moor', '1883-01-01', 21944);
INSERT INTO estadio (id_estadio, id_arquitecto, id_pasto, id_direccion, nombre_estadio, fecha_ignauguracion, capacidad_total) VALUES (18, 17, 1, 18, 'Bramall Lane', '1855-04-30', 32050);
INSERT INTO estadio (id_estadio, id_arquitecto, id_pasto, id_direccion, nombre_estadio, fecha_ignauguracion, capacidad_total) VALUES (19, 18, 1, 19, 'Kenilworth Road', '1905-01-01', 10356);
INSERT INTO estadio (id_estadio, id_arquitecto, id_pasto, id_direccion, nombre_estadio, fecha_ignauguracion, capacidad_total) VALUES (20, 19, 1, 20, 'Vitality Stadium', '1910-01-01', 11307);
INSERT INTO estadio (id_estadio, id_arquitecto, id_pasto, id_direccion, nombre_estadio, fecha_ignauguracion, capacidad_total) VALUES (21, 20, 2, 21, 'King Power Stadium', '2002-07-27', 32261);
INSERT INTO estadio (id_estadio, id_arquitecto, id_pasto, id_direccion, nombre_estadio, fecha_ignauguracion, capacidad_total) VALUES (22, 21, 1, 22, 'Elland Road', '1897-10-10', 37792);
INSERT INTO estadio (id_estadio, id_arquitecto, id_pasto, id_direccion, nombre_estadio, fecha_ignauguracion, capacidad_total) VALUES (23, 22, 2, 23, 'St Marys Stadium', '2001-08-01', 32384);
INSERT INTO estadio (id_estadio, id_arquitecto, id_pasto, id_direccion, nombre_estadio, fecha_ignauguracion, capacidad_total) VALUES (24, 23, 1, 24, 'Vicarage Road', '1922-01-01', 22200);
INSERT INTO estadio (id_estadio, id_arquitecto, id_pasto, id_direccion, nombre_estadio, fecha_ignauguracion, capacidad_total) VALUES (25, 24, 1, 25, 'Portman Road', '1884-01-01', 30311);
INSERT INTO estadio (id_estadio, id_arquitecto, id_pasto, id_direccion, nombre_estadio, fecha_ignauguracion, capacidad_total) VALUES (26, 25, 2, 26, 'Stadium of Light', '1997-07-30', 49000);
INSERT INTO estadio (id_estadio, id_arquitecto, id_pasto, id_direccion, nombre_estadio, fecha_ignauguracion, capacidad_total) VALUES (27, 26, 1, 27, 'Riverside Stadium', '1995-08-26', 34742);
INSERT INTO estadio (id_estadio, id_arquitecto, id_pasto, id_direccion, nombre_estadio, fecha_ignauguracion, capacidad_total) VALUES (28, 27, 1, 28, 'Ewood Park', '1882-01-01', 31367);
INSERT INTO estadio (id_estadio, id_arquitecto, id_pasto, id_direccion, nombre_estadio, fecha_ignauguracion, capacidad_total) VALUES (29, 28, 1, 29, 'University of Bolton', '1895-08-17', 28723);
INSERT INTO estadio (id_estadio, id_arquitecto, id_pasto, id_direccion, nombre_estadio, fecha_ignauguracion, capacidad_total) VALUES (30, 29, 1, 30, 'bet365 Stadium', '1997-08-16', 30089);
INSERT INTO estadio (id_estadio, id_arquitecto, id_pasto, id_direccion, nombre_estadio, fecha_ignauguracion, capacidad_total) VALUES (31, 28, 3, 21, 'Olimpico Universitario', '1968-08-17', 35000);
INSERT INTO estadio (id_estadio, id_arquitecto, id_pasto, id_direccion, nombre_estadio, fecha_ignauguracion, capacidad_total) VALUES (32, 29, 3, 10, 'Estadio Banorte', '1957-08-16', 90000);
-- 9. clima
INSERT INTO clima (id_clima, tipo_clima) VALUES (1, 'Zoleado');
INSERT INTO clima (id_clima, tipo_clima) VALUES (2, 'Nublado');
INSERT INTO clima (id_clima, tipo_clima) VALUES (3, 'Yuvioso');
INSERT INTO clima (id_clima, tipo_clima) VALUES (4, 'Ventoso');
INSERT INTO clima (id_clima, tipo_clima) VALUES (5, 'Tormenta');
INSERT INTO clima (id_clima, tipo_clima) VALUES (6, 'Nevado');
INSERT INTO clima (id_clima, tipo_clima) VALUES (7, 'Parcialmente Nublado');
INSERT INTO clima (id_clima, tipo_clima) VALUES (8, 'Perfecto');
INSERT INTO clima (id_clima, tipo_clima) VALUES (9, 'clima');
-- 10. partido
INSERT INTO partido (id_partido, id_estadio, id_equipo_visita, id_equipo_local, id_clima, goles_local, goles_visita, fecha_partido, hora_partido, temporada_partido, temperatura, humedad) VALUES (1, 3, 1, 3, 7, 1, 1, '2023-11-25', '12:30:00', '2023-08-11', 9.5, 78);
INSERT INTO partido (id_partido, id_estadio, id_equipo_visita, id_equipo_local, id_clima, goles_local, goles_visita, fecha_partido, hora_partido, temporada_partido, temperatura, humedad) VALUES (2, 5, 2, 5, 2, 0, 1, '2023-12-02', '17:30:00', '2023-08-11', 6.0, 82);
INSERT INTO partido (id_partido, id_estadio, id_equipo_visita, id_equipo_local, id_clima, goles_local, goles_visita, fecha_partido, hora_partido, temporada_partido, temperatura, humedad) VALUES (3, 2, 4, 2, 1, 3, 1, '2023-12-09', '15:00:00', '2023-08-11', 8.2, 65);
INSERT INTO partido (id_partido, id_estadio, id_equipo_visita, id_equipo_local, id_clima, goles_local, goles_visita, fecha_partido, hora_partido, temporada_partido, temperatura, humedad) VALUES (4, 1, 3, 1, 3, 3, 2, '2024-03-31', '16:30:00', '2023-08-11', 11.0, 70);
INSERT INTO partido (id_partido, id_estadio, id_equipo_visita, id_equipo_local, id_clima, goles_local, goles_visita, fecha_partido, hora_partido, temporada_partido, temperatura, humedad) VALUES (5, 6, 2, 6, 2, 2, 3, '2023-09-15', '20:00:00', '2023-08-11', 17.0, 60);
INSERT INTO partido (id_partido, id_estadio, id_equipo_visita, id_equipo_local, id_clima, goles_local, goles_visita, fecha_partido, hora_partido, temporada_partido, temperatura, humedad) VALUES (6, 4, 3, 4, 2, 0, 0, '2023-10-22', '16:00:00', '2023-08-11', 13.0, 75);
INSERT INTO partido (id_partido, id_estadio, id_equipo_visita, id_equipo_local, id_clima, goles_local, goles_visita, fecha_partido, hora_partido, temporada_partido, temperatura, humedad) VALUES (7, 5, 1, 5, 4, 1, 0, '2023-11-05', '14:00:00', '2023-08-11', 10.5, 68);
INSERT INTO partido (id_partido, id_estadio, id_equipo_visita, id_equipo_local, id_clima, goles_local, goles_visita, fecha_partido, hora_partido, temporada_partido, temperatura, humedad) VALUES (8, 3, 5, 3, 5, 4, 0, '2023-11-19', '16:30:00', '2023-08-11', 8.8, 80);
INSERT INTO partido (id_partido, id_estadio, id_equipo_visita, id_equipo_local, id_clima, goles_local, goles_visita, fecha_partido, hora_partido, temporada_partido, temperatura, humedad) VALUES (9, 8, 4, 8, 7, 1, 0, '2024-01-13', '15:00:00', '2023-08-11', 6.5, 72);
INSERT INTO partido (id_partido, id_estadio, id_equipo_visita, id_equipo_local, id_clima, goles_local, goles_visita, fecha_partido, hora_partido, temporada_partido, temperatura, humedad) VALUES (10, 7, 6, 7, 3, 0, 3, '2024-01-20', '17:30:00', '2023-08-11', 5.0, 85);
INSERT INTO partido (id_partido, id_estadio, id_equipo_visita, id_equipo_local, id_clima, goles_local, goles_visita, fecha_partido, hora_partido, temporada_partido, temperatura, humedad) VALUES (11, 9, 1, 9, 2, 2, 4, '2024-02-11', '14:00:00', '2023-08-11', 7.0, 73);
INSERT INTO partido (id_partido, id_estadio, id_equipo_visita, id_equipo_local, id_clima, goles_local, goles_visita, fecha_partido, hora_partido, temporada_partido, temperatura, humedad) VALUES (12, 1, 8, 1, 1, 5, 0, '2024-02-24', '12:30:00', '2023-08-11', 9.0, 62);
INSERT INTO partido (id_partido, id_estadio, id_equipo_visita, id_equipo_local, id_clima, goles_local, goles_visita, fecha_partido, hora_partido, temporada_partido, temperatura, humedad) VALUES (13, 2, 3, 2, 7, 0, 2, '2024-03-02', '17:30:00', '2023-08-11', 10.2, 67);
INSERT INTO partido (id_partido, id_estadio, id_equipo_visita, id_equipo_local, id_clima, goles_local, goles_visita, fecha_partido, hora_partido, temporada_partido, temperatura, humedad) VALUES (14, 6, 1, 6, 3, 3, 3, '2024-03-10', '14:30:00', '2023-08-11', 11.5, 69);
INSERT INTO partido (id_partido, id_estadio, id_equipo_visita, id_equipo_local, id_clima, goles_local, goles_visita, fecha_partido, hora_partido, temporada_partido, temperatura, humedad) VALUES (15, 4, 5, 4, 2, 4, 4, '2024-04-04', '20:00:00', '2023-08-11', 12.0, 64);
INSERT INTO partido (id_partido, id_estadio, id_equipo_visita, id_equipo_local, id_clima, goles_local, goles_visita, fecha_partido, hora_partido, temporada_partido, temperatura, humedad) VALUES (16, 3, 2, 3, 6, 2, 2, '2024-04-14', '16:30:00', '2023-08-11', 13.5, 71);
INSERT INTO partido (id_partido, id_estadio, id_equipo_visita, id_equipo_local, id_clima, goles_local, goles_visita, fecha_partido, hora_partido, temporada_partido, temperatura, humedad) VALUES (17, 5, 4, 5, 1, 2, 4, '2024-04-20', '12:30:00', '2023-08-11', 14.2, 58);
INSERT INTO partido (id_partido, id_estadio, id_equipo_visita, id_equipo_local, id_clima, goles_local, goles_visita, fecha_partido, hora_partido, temporada_partido, temperatura, humedad) VALUES (18, 1, 6, 1, 7, 2, 0, '2024-04-27', '15:00:00', '2023-08-11', 15.0, 55);
INSERT INTO partido (id_partido, id_estadio, id_equipo_visita, id_equipo_local, id_clima, goles_local, goles_visita, fecha_partido, hora_partido, temporada_partido, temperatura, humedad) VALUES (19, 2, 1, 2, 2, 0, 0, '2024-05-04', '17:30:00', '2023-08-11', 16.0, 52);
INSERT INTO partido (id_partido, id_estadio, id_equipo_visita, id_equipo_local, id_clima, goles_local, goles_visita, fecha_partido, hora_partido, temporada_partido, temperatura, humedad) VALUES (20, 8, 3, 8, 1, 2, 0, '2023-08-26', '15:00:00', '2023-08-11', 19.0, 50);
INSERT INTO partido (id_partido, id_estadio, id_equipo_visita, id_equipo_local, id_clima, goles_local, goles_visita, fecha_partido, hora_partido, temporada_partido, temperatura, humedad) VALUES (21, 10, 2, 10, 7, 3, 3, '2023-09-02', '15:00:00', '2023-08-11', 18.5, 55);
INSERT INTO partido (id_partido, id_estadio, id_equipo_visita, id_equipo_local, id_clima, goles_local, goles_visita, fecha_partido, hora_partido, temporada_partido, temperatura, humedad) VALUES (22, 11, 7, 11, 3, 1, 2, '2023-09-16', '15:00:00', '2023-08-11', 16.0, 63);
INSERT INTO partido (id_partido, id_estadio, id_equipo_visita, id_equipo_local, id_clima, goles_local, goles_visita, fecha_partido, hora_partido, temporada_partido, temperatura, humedad) VALUES (23, 15, 8, 15, 2, 1, 1, '2023-10-14', '12:30:00', '2023-08-11', 13.5, 70);
INSERT INTO partido (id_partido, id_estadio, id_equipo_visita, id_equipo_local, id_clima, goles_local, goles_visita, fecha_partido, hora_partido, temporada_partido, temperatura, humedad) VALUES (24, 16, 9, 16, 7, 2, 0, '2023-10-28', '15:00:00', '2023-08-11', 11.0, 75);
INSERT INTO partido (id_partido, id_estadio, id_equipo_visita, id_equipo_local, id_clima, goles_local, goles_visita, fecha_partido, hora_partido, temporada_partido, temperatura, humedad) VALUES (25, 14, 10, 14, 3, 1, 4, '2023-11-04', '14:00:00', '2023-08-11', 10.5, 80);
INSERT INTO partido (id_partido, id_estadio, id_equipo_visita, id_equipo_local, id_clima, goles_local, goles_visita, fecha_partido, hora_partido, temporada_partido, temperatura, humedad) VALUES (26, 12, 6, 12, 2, 3, 2, '2023-11-12', '16:00:00', '2023-08-11', 9.0, 72);
INSERT INTO partido (id_partido, id_estadio, id_equipo_visita, id_equipo_local, id_clima, goles_local, goles_visita, fecha_partido, hora_partido, temporada_partido, temperatura, humedad) VALUES (27, 13, 5, 13, 1, 2, 1, '2023-12-16', '15:00:00', '2023-08-11', 6.5, 78);
INSERT INTO partido (id_partido, id_estadio, id_equipo_visita, id_equipo_local, id_clima, goles_local, goles_visita, fecha_partido, hora_partido, temporada_partido, temperatura, humedad) VALUES (28, 1, 2, 1, 6, 2, 0, '2024-01-06', '15:00:00', '2023-08-11', 3.0, 88);
INSERT INTO partido (id_partido, id_estadio, id_equipo_visita, id_equipo_local, id_clima, goles_local, goles_visita, fecha_partido, hora_partido, temporada_partido, temperatura, humedad) VALUES (29, 3, 4, 3, 7, 3, 1, '2024-01-27', '17:30:00', '2023-08-11', 7.0, 74);
INSERT INTO partido (id_partido, id_estadio, id_equipo_visita, id_equipo_local, id_clima, goles_local, goles_visita, fecha_partido, hora_partido, temporada_partido, temperatura, humedad) VALUES (30, 5, 3, 5, 2, 4, 3, '2024-05-12', '16:00:00', '2023-08-11', 17.5, 53);
INSERT INTO partido (id_partido, id_estadio, id_equipo_visita, id_equipo_local, id_clima, goles_local, goles_visita, fecha_partido, hora_partido, temporada_partido, temperatura, humedad) VALUES (67, 6, 7, 6, 7, 3, 1, '2002-01-27', '12:00:00', '2002-08-11', 1.0, 67);
INSERT INTO partido (id_partido, id_estadio, id_equipo_visita, id_equipo_local, id_clima, goles_local, goles_visita, fecha_partido, hora_partido, temporada_partido, temperatura, humedad) VALUES (1671, 6, 7, 6, 7, 4, 3, '2004-05-12', '17:00:00', '2004-08-11', 13.5, 67);

-- 11. entrenador
INSERT INTO entrenador (id_entrenador, id_equipo, primer_nombre_entrenador, segundo_nombre_entrenador, primer_apellido_entrenador, segundo_apellido_entrenador, apodo_ent, fecha_nacimient_ent, tipo_sangre_ent, estatura_ent, nacionalidad_ent) VALUES (1, 1, 'Pep', NULL, 'Guardiola', NULL, 'Pep', '1971-01-18', 'A+', 180, 'Espanola');
INSERT INTO entrenador (id_entrenador, id_equipo, primer_nombre_entrenador, segundo_nombre_entrenador, primer_apellido_entrenador, segundo_apellido_entrenador, apodo_ent, fecha_nacimient_ent, tipo_sangre_ent, estatura_ent, nacionalidad_ent) VALUES (2, 2, 'Mikel', NULL, 'Arteta', NULL, 'Mikel', '1982-03-26', 'O+', 182, 'Espanola');
INSERT INTO entrenador (id_entrenador, id_equipo, primer_nombre_entrenador, segundo_nombre_entrenador, primer_apellido_entrenador, segundo_apellido_entrenador, apodo_ent, fecha_nacimient_ent, tipo_sangre_ent, estatura_ent, nacionalidad_ent) VALUES (3, 3, 'Jurgen', NULL, 'Klopp', NULL, 'Kloppo', '1967-06-16', 'B+', 191, 'Alemana');
INSERT INTO entrenador (id_entrenador, id_equipo, primer_nombre_entrenador, segundo_nombre_entrenador, primer_apellido_entrenador, segundo_apellido_entrenador, apodo_ent, fecha_nacimient_ent, tipo_sangre_ent, estatura_ent, nacionalidad_ent) VALUES (4, 4, 'Mauricio', NULL, 'Pochettino', NULL, 'Poch', '1972-03-02', 'A+', 178, 'Argentina');
INSERT INTO entrenador (id_entrenador, id_equipo, primer_nombre_entrenador, segundo_nombre_entrenador, primer_apellido_entrenador, segundo_apellido_entrenador, apodo_ent, fecha_nacimient_ent, tipo_sangre_ent, estatura_ent, nacionalidad_ent) VALUES (5, 5, 'Erik', NULL, 'ten Hag', NULL, 'Erik', '1970-02-02', 'O+', 183, 'Holandesa');
INSERT INTO entrenador (id_entrenador, id_equipo, primer_nombre_entrenador, segundo_nombre_entrenador, primer_apellido_entrenador, segundo_apellido_entrenador, apodo_ent, fecha_nacimient_ent, tipo_sangre_ent, estatura_ent, nacionalidad_ent) VALUES (6, 6, 'Ange', NULL, 'Postecoglou', NULL, 'Ange', '1965-08-27', 'A-', 173, 'Australiana');
INSERT INTO entrenador (id_entrenador, id_equipo, primer_nombre_entrenador, segundo_nombre_entrenador, primer_apellido_entrenador, segundo_apellido_entrenador, apodo_ent, fecha_nacimient_ent, tipo_sangre_ent, estatura_ent, nacionalidad_ent) VALUES (7, 7, 'Eddie', NULL, 'Howe', NULL, 'Eddie', '1977-11-29', 'B+', 176, 'Inglesa');
INSERT INTO entrenador (id_entrenador, id_equipo, primer_nombre_entrenador, segundo_nombre_entrenador, primer_apellido_entrenador, segundo_apellido_entrenador, apodo_ent, fecha_nacimient_ent, tipo_sangre_ent, estatura_ent, nacionalidad_ent) VALUES (8, 8, 'Unai', NULL, 'Emery', NULL, 'Emery', '1971-11-03', 'O+', 175, 'Espanola');
INSERT INTO entrenador (id_entrenador, id_equipo, primer_nombre_entrenador, segundo_nombre_entrenador, primer_apellido_entrenador, segundo_apellido_entrenador, apodo_ent, fecha_nacimient_ent, tipo_sangre_ent, estatura_ent, nacionalidad_ent) VALUES (9, 9, 'David', NULL, 'Moyes', NULL, 'Moyes', '1963-04-25', 'A+', 178, 'Escocesa');
INSERT INTO entrenador (id_entrenador, id_equipo, primer_nombre_entrenador, segundo_nombre_entrenador, primer_apellido_entrenador, segundo_apellido_entrenador, apodo_ent, fecha_nacimient_ent, tipo_sangre_ent, estatura_ent, nacionalidad_ent) VALUES (10, 10, 'Roberto', NULL, 'De Zerbi', NULL, 'DeZerbi', '1979-06-06', 'B+', 178, 'Italiana');
INSERT INTO entrenador (id_entrenador, id_equipo, primer_nombre_entrenador, segundo_nombre_entrenador, primer_apellido_entrenador, segundo_apellido_entrenador, apodo_ent, fecha_nacimient_ent, tipo_sangre_ent, estatura_ent, nacionalidad_ent) VALUES (11, 11, 'Gary', NULL, 'ONeill', NULL, 'Gary', '1983-05-18', 'O+', 179, 'Inglesa');
INSERT INTO entrenador (id_entrenador, id_equipo, primer_nombre_entrenador, segundo_nombre_entrenador, primer_apellido_entrenador, segundo_apellido_entrenador, apodo_ent, fecha_nacimient_ent, tipo_sangre_ent, estatura_ent, nacionalidad_ent) VALUES (12, 12, 'Marco', NULL, 'Silva', NULL, 'Marco', '1977-07-12', 'A+', 181, 'Portuguesa');
INSERT INTO entrenador (id_entrenador, id_equipo, primer_nombre_entrenador, segundo_nombre_entrenador, primer_apellido_entrenador, segundo_apellido_entrenador, apodo_ent, fecha_nacimient_ent, tipo_sangre_ent, estatura_ent, nacionalidad_ent) VALUES (13, 13, 'Thomas', NULL, 'Frank', NULL, 'Frank', '1973-09-12', 'O+', 180, 'Danesa');
INSERT INTO entrenador (id_entrenador, id_equipo, primer_nombre_entrenador, segundo_nombre_entrenador, primer_apellido_entrenador, segundo_apellido_entrenador, apodo_ent, fecha_nacimient_ent, tipo_sangre_ent, estatura_ent, nacionalidad_ent) VALUES (14, 14, 'Oliver', NULL, 'Glasner', NULL, 'Glasner', '1974-08-28', 'A+', 182, 'Austriaca');
INSERT INTO entrenador (id_entrenador, id_equipo, primer_nombre_entrenador, segundo_nombre_entrenador, primer_apellido_entrenador, segundo_apellido_entrenador, apodo_ent, fecha_nacimient_ent, tipo_sangre_ent, estatura_ent, nacionalidad_ent) VALUES (15, 15, 'Sean', NULL, 'Dyche', NULL, 'Dyche', '1971-06-28', 'B+', 184, 'Inglesa');
INSERT INTO entrenador (id_entrenador, id_equipo, primer_nombre_entrenador, segundo_nombre_entrenador, primer_apellido_entrenador, segundo_apellido_entrenador, apodo_ent, fecha_nacimient_ent, tipo_sangre_ent, estatura_ent, nacionalidad_ent) VALUES (16, 16, 'Nuno', NULL, 'Espirito Santo', NULL, 'Nuno', '1974-01-25', 'A+', 182, 'Portuguesa');
INSERT INTO entrenador (id_entrenador, id_equipo, primer_nombre_entrenador, segundo_nombre_entrenador, primer_apellido_entrenador, segundo_apellido_entrenador, apodo_ent, fecha_nacimient_ent, tipo_sangre_ent, estatura_ent, nacionalidad_ent) VALUES (17, 20, 'Andoni', NULL, 'Iraola', NULL, 'Iraola', '1982-06-22', 'O+', 180, 'Espanola');
INSERT INTO entrenador (id_entrenador, id_equipo, primer_nombre_entrenador, segundo_nombre_entrenador, primer_apellido_entrenador, segundo_apellido_entrenador, apodo_ent, fecha_nacimient_ent, tipo_sangre_ent, estatura_ent, nacionalidad_ent) VALUES (18, 19, 'Rob', NULL, 'Edwards', NULL, 'Rob', '1982-12-25', 'B+', 177, 'Galesa');
INSERT INTO entrenador (id_entrenador, id_equipo, primer_nombre_entrenador, segundo_nombre_entrenador, primer_apellido_entrenador, segundo_apellido_entrenador, apodo_ent, fecha_nacimient_ent, tipo_sangre_ent, estatura_ent, nacionalidad_ent) VALUES (19, 17, 'Vincent', NULL, 'Kompany', NULL, 'Vinnie', '1986-04-10', 'O+', 193, 'Belga');
INSERT INTO entrenador (id_entrenador, id_equipo, primer_nombre_entrenador, segundo_nombre_entrenador, primer_apellido_entrenador, segundo_apellido_entrenador, apodo_ent, fecha_nacimient_ent, tipo_sangre_ent, estatura_ent, nacionalidad_ent) VALUES (20, 18, 'Paul', NULL, 'Heckingbottom', NULL, 'Paul', '1977-07-17', 'A+', 180, 'Inglesa');
INSERT INTO entrenador (id_entrenador, id_equipo, primer_nombre_entrenador, segundo_nombre_entrenador, primer_apellido_entrenador, segundo_apellido_entrenador, apodo_ent, fecha_nacimient_ent, tipo_sangre_ent, estatura_ent, nacionalidad_ent) VALUES (21, 21, 'Enzo', NULL, 'Maresca', NULL, 'Maresca', '1980-02-10', 'A+', 175, 'Italiana');
INSERT INTO entrenador (id_entrenador, id_equipo, primer_nombre_entrenador, segundo_nombre_entrenador, primer_apellido_entrenador, segundo_apellido_entrenador, apodo_ent, fecha_nacimient_ent, tipo_sangre_ent, estatura_ent, nacionalidad_ent) VALUES (22, 3, 'Arne', NULL, 'Slot', NULL, 'Slot', '1978-09-17', 'O+', 180, 'Holandesa');
INSERT INTO entrenador (id_entrenador, id_equipo, primer_nombre_entrenador, segundo_nombre_entrenador, primer_apellido_entrenador, segundo_apellido_entrenador, apodo_ent, fecha_nacimient_ent, tipo_sangre_ent, estatura_ent, nacionalidad_ent) VALUES (23, 5, 'Ruben', NULL, 'Amorim', NULL, 'Ruben', '1985-01-27', 'A+', 178, 'Portuguesa');
INSERT INTO entrenador (id_entrenador, id_equipo, primer_nombre_entrenador, segundo_nombre_entrenador, primer_apellido_entrenador, segundo_apellido_entrenador, apodo_ent, fecha_nacimient_ent, tipo_sangre_ent, estatura_ent, nacionalidad_ent) VALUES (24, 4, 'Enzo', NULL, 'Maresca', NULL, 'Enzo', '1980-02-10', 'A+', 175, 'Italiana');
INSERT INTO entrenador (id_entrenador, id_equipo, primer_nombre_entrenador, segundo_nombre_entrenador, primer_apellido_entrenador, segundo_apellido_entrenador, apodo_ent, fecha_nacimient_ent, tipo_sangre_ent, estatura_ent, nacionalidad_ent) VALUES (25, 6, 'Jose', NULL, 'Mourinho', NULL, 'Special One', '1963-01-26', 'O+', 178, 'Portuguesa');
INSERT INTO entrenador (id_entrenador, id_equipo, primer_nombre_entrenador, segundo_nombre_entrenador, primer_apellido_entrenador, segundo_apellido_entrenador, apodo_ent, fecha_nacimient_ent, tipo_sangre_ent, estatura_ent, nacionalidad_ent) VALUES (26, 7, 'Steve', NULL, 'Bruce', NULL, 'Steve', '1960-12-31', 'B+', 183, 'Inglesa');
INSERT INTO entrenador (id_entrenador, id_equipo, primer_nombre_entrenador, segundo_nombre_entrenador, primer_apellido_entrenador, segundo_apellido_entrenador, apodo_ent, fecha_nacimient_ent, tipo_sangre_ent, estatura_ent, nacionalidad_ent) VALUES (27, 8, 'Steven', NULL, 'Gerrard', NULL, 'Stevie G', '1980-05-30', 'O+', 185, 'Inglesa');
INSERT INTO entrenador (id_entrenador, id_equipo, primer_nombre_entrenador, segundo_nombre_entrenador, primer_apellido_entrenador, segundo_apellido_entrenador, apodo_ent, fecha_nacimient_ent, tipo_sangre_ent, estatura_ent, nacionalidad_ent) VALUES (28, 9, 'Slaven', NULL, 'Bilic', NULL, 'Slaven', '1968-09-11', 'A+', 187, 'Croata');
INSERT INTO entrenador (id_entrenador, id_equipo, primer_nombre_entrenador, segundo_nombre_entrenador, primer_apellido_entrenador, segundo_apellido_entrenador, apodo_ent, fecha_nacimient_ent, tipo_sangre_ent, estatura_ent, nacionalidad_ent) VALUES (29, 2, 'Arsene', NULL, 'Wenger', NULL, 'Le Professeur', '1949-10-22', 'A+', 189, 'Francesa');
INSERT INTO entrenador (id_entrenador, id_equipo, primer_nombre_entrenador, segundo_nombre_entrenador, primer_apellido_entrenador, segundo_apellido_entrenador, apodo_ent, fecha_nacimient_ent, tipo_sangre_ent, estatura_ent, nacionalidad_ent) VALUES (30, 5, 'Alex', NULL, 'Ferguson', NULL, 'Sir Alex', '1941-12-31', 'O+', 180, 'Escocesa');
-- 12. estadisticas_entrenador_partido
INSERT INTO estadisticas_entrenador_partido (id_entrenador, id_partido, tarjetas_amarillas_entrenador, tarjetas_rojas_entrenador, numero_cambios) VALUES (1, 4, 0, FALSE, 3);
INSERT INTO estadisticas_entrenador_partido (id_entrenador, id_partido, tarjetas_amarillas_entrenador, tarjetas_rojas_entrenador, numero_cambios) VALUES (1, 12, 1, FALSE, 5);
INSERT INTO estadisticas_entrenador_partido (id_entrenador, id_partido, tarjetas_amarillas_entrenador, tarjetas_rojas_entrenador, numero_cambios) VALUES (1, 18, 0, FALSE, 3);
INSERT INTO estadisticas_entrenador_partido (id_entrenador, id_partido, tarjetas_amarillas_entrenador, tarjetas_rojas_entrenador, numero_cambios) VALUES (2, 3, 0, FALSE, 4);
INSERT INTO estadisticas_entrenador_partido (id_entrenador, id_partido, tarjetas_amarillas_entrenador, tarjetas_rojas_entrenador, numero_cambios) VALUES (2, 5, 1, FALSE, 3);
INSERT INTO estadisticas_entrenador_partido (id_entrenador, id_partido, tarjetas_amarillas_entrenador, tarjetas_rojas_entrenador, numero_cambios) VALUES (2, 16, 0, FALSE, 5);
INSERT INTO estadisticas_entrenador_partido (id_entrenador, id_partido, tarjetas_amarillas_entrenador, tarjetas_rojas_entrenador, numero_cambios) VALUES (3, 1, 0, FALSE, 3);
INSERT INTO estadisticas_entrenador_partido (id_entrenador, id_partido, tarjetas_amarillas_entrenador, tarjetas_rojas_entrenador, numero_cambios) VALUES (3, 8, 0, FALSE, 3);
INSERT INTO estadisticas_entrenador_partido (id_entrenador, id_partido, tarjetas_amarillas_entrenador, tarjetas_rojas_entrenador, numero_cambios) VALUES (3, 29, 1, FALSE, 4);
INSERT INTO estadisticas_entrenador_partido (id_entrenador, id_partido, tarjetas_amarillas_entrenador, tarjetas_rojas_entrenador, numero_cambios) VALUES (4, 6, 0, FALSE, 3);
INSERT INTO estadisticas_entrenador_partido (id_entrenador, id_partido, tarjetas_amarillas_entrenador, tarjetas_rojas_entrenador, numero_cambios) VALUES (4, 15, 1, FALSE, 5);
INSERT INTO estadisticas_entrenador_partido (id_entrenador, id_partido, tarjetas_amarillas_entrenador, tarjetas_rojas_entrenador, numero_cambios) VALUES (5, 2, 0, FALSE, 3);
INSERT INTO estadisticas_entrenador_partido (id_entrenador, id_partido, tarjetas_amarillas_entrenador, tarjetas_rojas_entrenador, numero_cambios) VALUES (5, 7, 0, FALSE, 3);
INSERT INTO estadisticas_entrenador_partido (id_entrenador, id_partido, tarjetas_amarillas_entrenador, tarjetas_rojas_entrenador, numero_cambios) VALUES (5, 30, 0, FALSE, 4);
INSERT INTO estadisticas_entrenador_partido (id_entrenador, id_partido, tarjetas_amarillas_entrenador, tarjetas_rojas_entrenador, numero_cambios) VALUES (6, 5, 0, FALSE, 3);
INSERT INTO estadisticas_entrenador_partido (id_entrenador, id_partido, tarjetas_amarillas_entrenador, tarjetas_rojas_entrenador, numero_cambios) VALUES (6, 14, 1, TRUE, 5);
INSERT INTO estadisticas_entrenador_partido (id_entrenador, id_partido, tarjetas_amarillas_entrenador, tarjetas_rojas_entrenador, numero_cambios) VALUES (7, 10, 0, FALSE, 3);
INSERT INTO estadisticas_entrenador_partido (id_entrenador, id_partido, tarjetas_amarillas_entrenador, tarjetas_rojas_entrenador, numero_cambios) VALUES (7, 22, 0, FALSE, 4);
INSERT INTO estadisticas_entrenador_partido (id_entrenador, id_partido, tarjetas_amarillas_entrenador, tarjetas_rojas_entrenador, numero_cambios) VALUES (8, 9, 0, FALSE, 3);
INSERT INTO estadisticas_entrenador_partido (id_entrenador, id_partido, tarjetas_amarillas_entrenador, tarjetas_rojas_entrenador, numero_cambios) VALUES (8, 20, 1, FALSE, 5);
INSERT INTO estadisticas_entrenador_partido (id_entrenador, id_partido, tarjetas_amarillas_entrenador, tarjetas_rojas_entrenador, numero_cambios) VALUES (9, 11, 0, FALSE, 3);
INSERT INTO estadisticas_entrenador_partido (id_entrenador, id_partido, tarjetas_amarillas_entrenador, tarjetas_rojas_entrenador, numero_cambios) VALUES (9, 24, 0, FALSE, 4);
INSERT INTO estadisticas_entrenador_partido (id_entrenador, id_partido, tarjetas_amarillas_entrenador, tarjetas_rojas_entrenador, numero_cambios) VALUES (10, 21, 0, FALSE, 3);
INSERT INTO estadisticas_entrenador_partido (id_entrenador, id_partido, tarjetas_amarillas_entrenador, tarjetas_rojas_entrenador, numero_cambios) VALUES (10, 25, 1, FALSE, 5);
INSERT INTO estadisticas_entrenador_partido (id_entrenador, id_partido, tarjetas_amarillas_entrenador, tarjetas_rojas_entrenador, numero_cambios) VALUES (11, 22, 0, FALSE, 3);
INSERT INTO estadisticas_entrenador_partido (id_entrenador, id_partido, tarjetas_amarillas_entrenador, tarjetas_rojas_entrenador, numero_cambios) VALUES (12, 26, 0, FALSE, 3);
INSERT INTO estadisticas_entrenador_partido (id_entrenador, id_partido, tarjetas_amarillas_entrenador, tarjetas_rojas_entrenador, numero_cambios) VALUES (13, 27, 0, FALSE, 3);
INSERT INTO estadisticas_entrenador_partido (id_entrenador, id_partido, tarjetas_amarillas_entrenador, tarjetas_rojas_entrenador, numero_cambios) VALUES (14, 25, 0, FALSE, 4);
INSERT INTO estadisticas_entrenador_partido (id_entrenador, id_partido, tarjetas_amarillas_entrenador, tarjetas_rojas_entrenador, numero_cambios) VALUES (15, 23, 1, FALSE, 3);
INSERT INTO estadisticas_entrenador_partido (id_entrenador, id_partido, tarjetas_amarillas_entrenador, tarjetas_rojas_entrenador, numero_cambios) VALUES (16, 24, 0, FALSE, 5);
-- 13. estadisticas_estadio_partido
INSERT INTO estadisticas_estadio_partido (id_estadio, id_partido, asistencia, wifi_disponible, comida_disponible) VALUES (3, 1, 60125, TRUE, TRUE);
INSERT INTO estadisticas_estadio_partido (id_estadio, id_partido, asistencia, wifi_disponible, comida_disponible) VALUES (5, 2, 73521, TRUE, TRUE);
INSERT INTO estadisticas_estadio_partido (id_estadio, id_partido, asistencia, wifi_disponible, comida_disponible) VALUES (2, 3, 60000, TRUE, TRUE);
INSERT INTO estadisticas_estadio_partido (id_estadio, id_partido, asistencia, wifi_disponible, comida_disponible) VALUES (1, 4, 53400, TRUE, TRUE);
INSERT INTO estadisticas_estadio_partido (id_estadio, id_partido, asistencia, wifi_disponible, comida_disponible) VALUES (6, 5, 61508, TRUE, TRUE);
INSERT INTO estadisticas_estadio_partido (id_estadio, id_partido, asistencia, wifi_disponible, comida_disponible) VALUES (4, 6, 40015, TRUE, TRUE);
INSERT INTO estadisticas_estadio_partido (id_estadio, id_partido, asistencia, wifi_disponible, comida_disponible) VALUES (5, 7, 73489, TRUE, TRUE);
INSERT INTO estadisticas_estadio_partido (id_estadio, id_partido, asistencia, wifi_disponible, comida_disponible) VALUES (3, 8, 61276, TRUE, TRUE);
INSERT INTO estadisticas_estadio_partido (id_estadio, id_partido, asistencia, wifi_disponible, comida_disponible) VALUES (8, 9, 42785, TRUE, TRUE);
INSERT INTO estadisticas_estadio_partido (id_estadio, id_partido, asistencia, wifi_disponible, comida_disponible) VALUES (7, 10, 52180, TRUE, TRUE);
INSERT INTO estadisticas_estadio_partido (id_estadio, id_partido, asistencia, wifi_disponible, comida_disponible) VALUES (9, 11, 62500, TRUE, TRUE);
INSERT INTO estadisticas_estadio_partido (id_estadio, id_partido, asistencia, wifi_disponible, comida_disponible) VALUES (1, 12, 53400, TRUE, TRUE);
INSERT INTO estadisticas_estadio_partido (id_estadio, id_partido, asistencia, wifi_disponible, comida_disponible) VALUES (2, 13, 60234, TRUE, TRUE);
INSERT INTO estadisticas_estadio_partido (id_estadio, id_partido, asistencia, wifi_disponible, comida_disponible) VALUES (6, 14, 62850, TRUE, TRUE);
INSERT INTO estadisticas_estadio_partido (id_estadio, id_partido, asistencia, wifi_disponible, comida_disponible) VALUES (4, 15, 40831, TRUE, TRUE);
INSERT INTO estadisticas_estadio_partido (id_estadio, id_partido, asistencia, wifi_disponible, comida_disponible) VALUES (3, 16, 61100, TRUE, TRUE);
INSERT INTO estadisticas_estadio_partido (id_estadio, id_partido, asistencia, wifi_disponible, comida_disponible) VALUES (5, 17, 74310, TRUE, TRUE);
INSERT INTO estadisticas_estadio_partido (id_estadio, id_partido, asistencia, wifi_disponible, comida_disponible) VALUES (1, 18, 53000, TRUE, TRUE);
INSERT INTO estadisticas_estadio_partido (id_estadio, id_partido, asistencia, wifi_disponible, comida_disponible) VALUES (2, 19, 59800, TRUE, TRUE);
INSERT INTO estadisticas_estadio_partido (id_estadio, id_partido, asistencia, wifi_disponible, comida_disponible) VALUES (8, 20, 42300, FALSE, TRUE);
INSERT INTO estadisticas_estadio_partido (id_estadio, id_partido, asistencia, wifi_disponible, comida_disponible) VALUES (10, 21, 31200, TRUE, TRUE);
INSERT INTO estadisticas_estadio_partido (id_estadio, id_partido, asistencia, wifi_disponible, comida_disponible) VALUES (11, 22, 31580, TRUE, TRUE);
INSERT INTO estadisticas_estadio_partido (id_estadio, id_partido, asistencia, wifi_disponible, comida_disponible) VALUES (15, 23, 38900, FALSE, TRUE);
INSERT INTO estadisticas_estadio_partido (id_estadio, id_partido, asistencia, wifi_disponible, comida_disponible) VALUES (16, 24, 28750, TRUE, TRUE);
INSERT INTO estadisticas_estadio_partido (id_estadio, id_partido, asistencia, wifi_disponible, comida_disponible) VALUES (14, 25, 24900, TRUE, TRUE);
INSERT INTO estadisticas_estadio_partido (id_estadio, id_partido, asistencia, wifi_disponible, comida_disponible) VALUES (12, 26, 29600, TRUE, TRUE);
INSERT INTO estadisticas_estadio_partido (id_estadio, id_partido, asistencia, wifi_disponible, comida_disponible) VALUES (13, 27, 17000, TRUE, TRUE);
INSERT INTO estadisticas_estadio_partido (id_estadio, id_partido, asistencia, wifi_disponible, comida_disponible) VALUES (1, 28, 52500, TRUE, TRUE);
INSERT INTO estadisticas_estadio_partido (id_estadio, id_partido, asistencia, wifi_disponible, comida_disponible) VALUES (3, 29, 61000, TRUE, TRUE);
INSERT INTO estadisticas_estadio_partido (id_estadio, id_partido, asistencia, wifi_disponible, comida_disponible) VALUES (5, 30, 73800, TRUE, TRUE);
-- 14. jugador
INSERT INTO jugador (id_jugador, id_equipo, primer_nombre, segundo_nombre, primer_apellido, segundo_apellido, apodo_jugador, fecha_nacimient, tipo_sangre, estatura, nacionalidad) VALUES (1, 1, 'Pedro', NULL, 'Haaland', NULL, 'The Terminator', '2000-07-21', 'A+', 194, 'Noruega');
INSERT INTO jugador (id_jugador, id_equipo, primer_nombre, segundo_nombre, primer_apellido, segundo_apellido, apodo_jugador, fecha_nacimient, tipo_sangre, estatura, nacionalidad) VALUES (2, 1, 'Kevin', NULL, 'De Bruyne', NULL, 'KDB', '1991-06-28', 'O+', 181, 'Belgica');
INSERT INTO jugador (id_jugador, id_equipo, primer_nombre, segundo_nombre, primer_apellido, segundo_apellido, apodo_jugador, fecha_nacimient, tipo_sangre, estatura, nacionalidad) VALUES (3, 1, 'Phil', NULL, 'Foden', NULL, 'Stockport Iniesta', '2000-05-28', 'B+', 171, 'Inglaterra');
INSERT INTO jugador (id_jugador, id_equipo, primer_nombre, segundo_nombre, primer_apellido, segundo_apellido, apodo_jugador, fecha_nacimient, tipo_sangre, estatura, nacionalidad) VALUES (4, 2, 'Bukayo', NULL, 'Saka', NULL, 'Little Chilli', '2001-09-05', 'O+', 178, 'Inglaterra');
INSERT INTO jugador (id_jugador, id_equipo, primer_nombre, segundo_nombre, primer_apellido, segundo_apellido, apodo_jugador, fecha_nacimient, tipo_sangre, estatura, nacionalidad) VALUES (5, 2, 'Martin', NULL, 'Odegaard', NULL, 'Ode', '1998-12-17', 'A+', 178, 'Noruega');
INSERT INTO jugador (id_jugador, id_equipo, primer_nombre, segundo_nombre, primer_apellido, segundo_apellido, apodo_jugador, fecha_nacimient, tipo_sangre, estatura, nacionalidad) VALUES (6, 2, 'Gabriel', NULL, 'Martinelli', NULL, 'Gabi', '2001-06-18', 'O+', 181, 'Brasil');
INSERT INTO jugador (id_jugador, id_equipo, primer_nombre, segundo_nombre, primer_apellido, segundo_apellido, apodo_jugador, fecha_nacimient, tipo_sangre, estatura, nacionalidad) VALUES (7, 3, 'Mohamed', NULL, 'Salah', NULL, 'Egyptian King', '1992-06-15', 'A+', 175, 'Egipto');
INSERT INTO jugador (id_jugador, id_equipo, primer_nombre, segundo_nombre, primer_apellido, segundo_apellido, apodo_jugador, fecha_nacimient, tipo_sangre, estatura, nacionalidad) VALUES (8, 3, 'Virgil', NULL, 'van Dijk', NULL, 'VVD', '1991-07-08', 'O+', 193, 'Holanda');
INSERT INTO jugador (id_jugador, id_equipo, primer_nombre, segundo_nombre, primer_apellido, segundo_apellido, apodo_jugador, fecha_nacimient, tipo_sangre, estatura, nacionalidad) VALUES (9, 3, 'Trent', 'Alexander', 'Arnold', NULL, 'TAA', '1998-10-07', 'B+', 175, 'Inglaterra');
INSERT INTO jugador (id_jugador, id_equipo, primer_nombre, segundo_nombre, primer_apellido, segundo_apellido, apodo_jugador, fecha_nacimient, tipo_sangre, estatura, nacionalidad) VALUES (10, 4, 'Cole', NULL, 'Palmer', NULL, 'Cold Palmer', '2002-05-06', 'A+', 185, 'Inglaterra');
INSERT INTO jugador (id_jugador, id_equipo, primer_nombre, segundo_nombre, primer_apellido, segundo_apellido, apodo_jugador, fecha_nacimient, tipo_sangre, estatura, nacionalidad) VALUES (11, 4, 'Nicolas', NULL, 'Jackson', NULL, 'Nico', '2001-06-20', 'O+', 185, 'Senegal');
INSERT INTO jugador (id_jugador, id_equipo, primer_nombre, segundo_nombre, primer_apellido, segundo_apellido, apodo_jugador, fecha_nacimient, tipo_sangre, estatura, nacionalidad) VALUES (12, 5, 'Bruno', NULL, 'Fernandes', NULL, 'Bruno', '1994-09-08', 'A+', 179, 'Portugal');
INSERT INTO jugador (id_jugador, id_equipo, primer_nombre, segundo_nombre, primer_apellido, segundo_apellido, apodo_jugador, fecha_nacimient, tipo_sangre, estatura, nacionalidad) VALUES (13, 5, 'Marcus', NULL, 'Rashford', NULL, 'Rashy', '1997-10-31', 'O+', 185, 'Inglaterra');
INSERT INTO jugador (id_jugador, id_equipo, primer_nombre, segundo_nombre, primer_apellido, segundo_apellido, apodo_jugador, fecha_nacimient, tipo_sangre, estatura, nacionalidad) VALUES (14, 6, 'Son', 'Heung-min', 'Son', NULL, 'Sonny', '1992-07-08', 'A+', 183, 'Corea del Sur');
INSERT INTO jugador (id_jugador, id_equipo, primer_nombre, segundo_nombre, primer_apellido, segundo_apellido, apodo_jugador, fecha_nacimient, tipo_sangre, estatura, nacionalidad) VALUES (15, 6, 'James', NULL, 'Maddison', NULL, 'Maddo', '1996-11-23', 'B+', 175, 'Inglaterra');
INSERT INTO jugador (id_jugador, id_equipo, primer_nombre, segundo_nombre, primer_apellido, segundo_apellido, apodo_jugador, fecha_nacimient, tipo_sangre, estatura, nacionalidad) VALUES (16, 7, 'Alexander', NULL, 'Isak', NULL, 'Isak', '1999-09-21', 'O+', 110, 'Suecia');
INSERT INTO jugador (id_jugador, id_equipo, primer_nombre, segundo_nombre, primer_apellido, segundo_apellido, apodo_jugador, fecha_nacimient, tipo_sangre, estatura, nacionalidad) VALUES (17, 7, 'Bruno', NULL, 'Guimaraes', NULL, 'Bruno G', '1997-11-16', 'A+', 182, 'Brasil');
INSERT INTO jugador (id_jugador, id_equipo, primer_nombre, segundo_nombre, primer_apellido, segundo_apellido, apodo_jugador, fecha_nacimient, tipo_sangre, estatura, nacionalidad) VALUES (18, 8, 'Ollie', NULL, 'Watkins', NULL, 'Watkins', '1995-12-30', 'O+', 180, 'Inglaterra');
INSERT INTO jugador (id_jugador, id_equipo, primer_nombre, segundo_nombre, primer_apellido, segundo_apellido, apodo_jugador, fecha_nacimient, tipo_sangre, estatura, nacionalidad) VALUES (19, 8, 'Emiliano', NULL, 'Martinez', NULL, 'Dibu', '1992-09-02', 'A+', 195, 'Argentina');
INSERT INTO jugador (id_jugador, id_equipo, primer_nombre, segundo_nombre, primer_apellido, segundo_apellido, apodo_jugador, fecha_nacimient, tipo_sangre, estatura, nacionalidad) VALUES (20, 9, 'Jarrod', NULL, 'Bowen', NULL, 'Bowsy', '1996-12-20', 'O+', 174, 'Inglaterra');
INSERT INTO jugador (id_jugador, id_equipo, primer_nombre, segundo_nombre, primer_apellido, segundo_apellido, apodo_jugador, fecha_nacimient, tipo_sangre, estatura, nacionalidad) VALUES (21, 10, 'Pascal', NULL, 'Gross', NULL, 'Gross', '1991-06-15', 'B+', 176, 'Alemania');
INSERT INTO jugador (id_jugador, id_equipo, primer_nombre, segundo_nombre, primer_apellido, segundo_apellido, apodo_jugador, fecha_nacimient, tipo_sangre, estatura, nacionalidad) VALUES (22, 11, 'Pedro', NULL, 'Neto', NULL, 'Neto', '2000-03-09', 'A+', 175, 'Portugal');
INSERT INTO jugador (id_jugador, id_equipo, primer_nombre, segundo_nombre, primer_apellido, segundo_apellido, apodo_jugador, fecha_nacimient, tipo_sangre, estatura, nacionalidad) VALUES (23, 12, 'Raul', NULL, 'Jimenez', NULL, 'Raul', '1991-05-05', 'O+', 186, 'Mexico');
INSERT INTO jugador (id_jugador, id_equipo, primer_nombre, segundo_nombre, primer_apellido, segundo_apellido, apodo_jugador, fecha_nacimient, tipo_sangre, estatura, nacionalidad) VALUES (24, 13, 'Ivan', NULL, 'Toney', NULL, 'Toney', '1996-03-16', 'A+', 183, 'Inglaterra');
INSERT INTO jugador (id_jugador, id_equipo, primer_nombre, segundo_nombre, primer_apellido, segundo_apellido, apodo_jugador, fecha_nacimient, tipo_sangre, estatura, nacionalidad) VALUES (25, 14, 'Eberechi', NULL, 'Eze', NULL, 'Eze', '1998-06-29', 'O+', 181, 'Inglaterra');
INSERT INTO jugador (id_jugador, id_equipo, primer_nombre, segundo_nombre, primer_apellido, segundo_apellido, apodo_jugador, fecha_nacimient, tipo_sangre, estatura, nacionalidad) VALUES (26, 15, 'Dominic', NULL, 'Calvert-Lewin', NULL, 'DCL', '1997-03-16', 'B+', 187, 'Inglaterra');
INSERT INTO jugador (id_jugador, id_equipo, primer_nombre, segundo_nombre, primer_apellido, segundo_apellido, apodo_jugador, fecha_nacimient, tipo_sangre, estatura, nacionalidad) VALUES (27, 16, 'Taiwo', NULL, 'Awoniyi', NULL, 'Awoniyi', '1997-08-12', 'O+', 183, 'Nigeria');
INSERT INTO jugador (id_jugador, id_equipo, primer_nombre, segundo_nombre, primer_apellido, segundo_apellido, apodo_jugador, fecha_nacimient, tipo_sangre, estatura, nacionalidad) VALUES (28, 1, 'Rodri', NULL, 'Hernandez', NULL, 'Rodri', '1996-06-22', 'A+', 191, 'Espana');
INSERT INTO jugador (id_jugador, id_equipo, primer_nombre, segundo_nombre, primer_apellido, segundo_apellido, apodo_jugador, fecha_nacimient, tipo_sangre, estatura, nacionalidad) VALUES (29, 2, 'Declan', NULL, 'Rice', NULL, 'Dec', '1999-01-14', 'O+', 185, 'Inglaterra');
INSERT INTO jugador (id_jugador, id_equipo, primer_nombre, segundo_nombre, primer_apellido, segundo_apellido, apodo_jugador, fecha_nacimient, tipo_sangre, estatura, nacionalidad) VALUES (30, 3, 'Alisson', NULL, 'Becker', NULL, 'Alisson', '1992-10-02', 'A+', 191, 'Brasil');
INSERT INTO jugador (id_jugador, id_equipo, primer_nombre, segundo_nombre, primer_apellido, segundo_apellido, apodo_jugador, fecha_nacimient, tipo_sangre, estatura, nacionalidad) VALUES (31, 2, 'Diego', 'Skibidi', 'Navarro', 'Gomez', 'Six', '2005-01-14', 'O+', 180, 'Mexicano');
INSERT INTO jugador (id_jugador, id_equipo, primer_nombre, segundo_nombre, primer_apellido, segundo_apellido, apodo_jugador, fecha_nacimient, tipo_sangre, estatura, nacionalidad) VALUES (32, 3, 'Skibidi', 'Diego', 'Gomez', 'Navarro', 'Seven', '2005-10-02', 'A+', 167, 'Mexicano');
-- 15. estadisticas_jugador_partido
INSERT INTO estadisticas_jugador_partido (id_jugador, id_partido, es_titular, goles_partido, km_recorridos, minutos_jugados_partido, pases_totales, pases_efectivos, posicion_partido, tarjetas_amarillas, tarjeta_roja, numero_camiseta) VALUES (1, 4, TRUE, 2, 11, 90, 22, 18, 'Delantero', 0, FALSE, 9);
INSERT INTO estadisticas_jugador_partido (id_jugador, id_partido, es_titular, goles_partido, km_recorridos, minutos_jugados_partido, pases_totales, pases_efectivos, posicion_partido, tarjetas_amarillas, tarjeta_roja, numero_camiseta) VALUES (2, 4, TRUE, 0, 9, 90, 88, 79, 'Mediocampista', 1, FALSE, 17);
INSERT INTO estadisticas_jugador_partido (id_jugador, id_partido, es_titular, goles_partido, km_recorridos, minutos_jugados_partido, pases_totales, pases_efectivos, posicion_partido, tarjetas_amarillas, tarjeta_roja, numero_camiseta) VALUES (3, 4, TRUE, 1, 10, 90, 52, 47, 'Mediocampista', 0, FALSE, 47);
INSERT INTO estadisticas_jugador_partido (id_jugador, id_partido, es_titular, goles_partido, km_recorridos, minutos_jugados_partido, pases_totales, pases_efectivos, posicion_partido, tarjetas_amarillas, tarjeta_roja, numero_camiseta) VALUES (7, 1, TRUE, 1, 12, 90, 30, 25, 'Extremo', 0, FALSE, 11);
INSERT INTO estadisticas_jugador_partido (id_jugador, id_partido, es_titular, goles_partido, km_recorridos, minutos_jugados_partido, pases_totales, pases_efectivos, posicion_partido, tarjetas_amarillas, tarjeta_roja, numero_camiseta) VALUES (8, 1, TRUE, 0, 7, 90, 65, 58, 'Defensa', 1, FALSE, 4);
INSERT INTO estadisticas_jugador_partido (id_jugador, id_partido, es_titular, goles_partido, km_recorridos, minutos_jugados_partido, pases_totales, pases_efectivos, posicion_partido, tarjetas_amarillas, tarjeta_roja, numero_camiseta) VALUES (4, 3, TRUE, 1, 11, 90, 45, 40, 'Extremo', 0, FALSE, 7);
INSERT INTO estadisticas_jugador_partido (id_jugador, id_partido, es_titular, goles_partido, km_recorridos, minutos_jugados_partido, pases_totales, pases_efectivos, posicion_partido, tarjetas_amarillas, tarjeta_roja, numero_camiseta) VALUES (5, 3, TRUE, 2, 9, 90, 80, 74, 'Mediocampista', 0, FALSE, 8);
INSERT INTO estadisticas_jugador_partido (id_jugador, id_partido, es_titular, goles_partido, km_recorridos, minutos_jugados_partido, pases_totales, pases_efectivos, posicion_partido, tarjetas_amarillas, tarjeta_roja, numero_camiseta) VALUES (10, 6, TRUE, 0, 9, 90, 72, 65, 'Mediocampista', 0, FALSE, 20);
INSERT INTO estadisticas_jugador_partido (id_jugador, id_partido, es_titular, goles_partido, km_recorridos, minutos_jugados_partido, pases_totales, pases_efectivos, posicion_partido, tarjetas_amarillas, tarjeta_roja, numero_camiseta) VALUES (11, 6, FALSE, 0, 4, 30, 10, 8, 'Delantero', 1, FALSE, 15);
INSERT INTO estadisticas_jugador_partido (id_jugador, id_partido, es_titular, goles_partido, km_recorridos, minutos_jugados_partido, pases_totales, pases_efectivos, posicion_partido, tarjetas_amarillas, tarjeta_roja, numero_camiseta) VALUES (12, 2, TRUE, 0, 10, 90, 75, 68, 'Mediocampista', 1, FALSE, 8);
INSERT INTO estadisticas_jugador_partido (id_jugador, id_partido, es_titular, goles_partido, km_recorridos, minutos_jugados_partido, pases_totales, pases_efectivos, posicion_partido, tarjetas_amarillas, tarjeta_roja, numero_camiseta) VALUES (13, 2, TRUE, 0, 11, 90, 30, 25, 'Delantero', 0, FALSE, 10);
INSERT INTO estadisticas_jugador_partido (id_jugador, id_partido, es_titular, goles_partido, km_recorridos, minutos_jugados_partido, pases_totales, pases_efectivos, posicion_partido, tarjetas_amarillas, tarjeta_roja, numero_camiseta) VALUES (14, 5, TRUE, 1, 11, 90, 40, 34, 'Extremo', 0, FALSE, 7);
INSERT INTO estadisticas_jugador_partido (id_jugador, id_partido, es_titular, goles_partido, km_recorridos, minutos_jugados_partido, pases_totales, pases_efectivos, posicion_partido, tarjetas_amarillas, tarjeta_roja, numero_camiseta) VALUES (15, 5, TRUE, 2, 10, 90, 55, 48, 'Mediocampista', 0, FALSE, 10);
INSERT INTO estadisticas_jugador_partido (id_jugador, id_partido, es_titular, goles_partido, km_recorridos, minutos_jugados_partido, pases_totales, pases_efectivos, posicion_partido, tarjetas_amarillas, tarjeta_roja, numero_camiseta) VALUES (16, 10, TRUE, 0, 10, 90, 25, 20, 'Delantero', 1, FALSE, 14);
INSERT INTO estadisticas_jugador_partido (id_jugador, id_partido, es_titular, goles_partido, km_recorridos, minutos_jugados_partido, pases_totales, pases_efectivos, posicion_partido, tarjetas_amarillas, tarjeta_roja, numero_camiseta) VALUES (17, 10, TRUE, 0, 9, 90, 70, 63, 'Mediocampista', 0, FALSE, 39);
INSERT INTO estadisticas_jugador_partido (id_jugador, id_partido, es_titular, goles_partido, km_recorridos, minutos_jugados_partido, pases_totales, pases_efectivos, posicion_partido, tarjetas_amarillas, tarjeta_roja, numero_camiseta) VALUES (18, 9, TRUE, 0, 10, 90, 30, 26, 'Delantero', 0, FALSE, 11);
INSERT INTO estadisticas_jugador_partido (id_jugador, id_partido, es_titular, goles_partido, km_recorridos, minutos_jugados_partido, pases_totales, pases_efectivos, posicion_partido, tarjetas_amarillas, tarjeta_roja, numero_camiseta) VALUES (19, 9, TRUE, 0, 6, 90, 35, 30, 'Portero', 0, FALSE, 1);
INSERT INTO estadisticas_jugador_partido (id_jugador, id_partido, es_titular, goles_partido, km_recorridos, minutos_jugados_partido, pases_totales, pases_efectivos, posicion_partido, tarjetas_amarillas, tarjeta_roja, numero_camiseta) VALUES (20, 11, TRUE, 1, 11, 90, 35, 30, 'Extremo', 0, FALSE, 20);
INSERT INTO estadisticas_jugador_partido (id_jugador, id_partido, es_titular, goles_partido, km_recorridos, minutos_jugados_partido, pases_totales, pases_efectivos, posicion_partido, tarjetas_amarillas, tarjeta_roja, numero_camiseta) VALUES (21, 21, TRUE, 1, 10, 90, 55, 48, 'Mediocampista', 0, FALSE, 13);
INSERT INTO estadisticas_jugador_partido (id_jugador, id_partido, es_titular, goles_partido, km_recorridos, minutos_jugados_partido, pases_totales, pases_efectivos, posicion_partido, tarjetas_amarillas, tarjeta_roja, numero_camiseta) VALUES (22, 22, TRUE, 1, 11, 90, 40, 35, 'Extremo', 0, FALSE, 7);
INSERT INTO estadisticas_jugador_partido (id_jugador, id_partido, es_titular, goles_partido, km_recorridos, minutos_jugados_partido, pases_totales, pases_efectivos, posicion_partido, tarjetas_amarillas, tarjeta_roja, numero_camiseta) VALUES (23, 26, TRUE, 0, 9, 90, 25, 20, 'Delantero', 1, FALSE, 9);
INSERT INTO estadisticas_jugador_partido (id_jugador, id_partido, es_titular, goles_partido, km_recorridos, minutos_jugados_partido, pases_totales, pases_efectivos, posicion_partido, tarjetas_amarillas, tarjeta_roja, numero_camiseta) VALUES (24, 27, TRUE, 1, 10, 90, 30, 25, 'Delantero', 0, FALSE, 17);
INSERT INTO estadisticas_jugador_partido (id_jugador, id_partido, es_titular, goles_partido, km_recorridos, minutos_jugados_partido, pases_totales, pases_efectivos, posicion_partido, tarjetas_amarillas, tarjeta_roja, numero_camiseta) VALUES (25, 25, TRUE, 2, 11, 90, 40, 35, 'Mediocampista', 0, FALSE, 10);
INSERT INTO estadisticas_jugador_partido (id_jugador, id_partido, es_titular, goles_partido, km_recorridos, minutos_jugados_partido, pases_totales, pases_efectivos, posicion_partido, tarjetas_amarillas, tarjeta_roja, numero_camiseta) VALUES (26, 23, TRUE, 0, 9, 90, 28, 22, 'Delantero', 1, FALSE, 9);
INSERT INTO estadisticas_jugador_partido (id_jugador, id_partido, es_titular, goles_partido, km_recorridos, minutos_jugados_partido, pases_totales, pases_efectivos, posicion_partido, tarjetas_amarillas, tarjeta_roja, numero_camiseta) VALUES (27, 24, TRUE, 0, 8, 90, 22, 18, 'Delantero', 0, FALSE, 9);
INSERT INTO estadisticas_jugador_partido (id_jugador, id_partido, es_titular, goles_partido, km_recorridos, minutos_jugados_partido, pases_totales, pases_efectivos, posicion_partido, tarjetas_amarillas, tarjeta_roja, numero_camiseta) VALUES (28, 18, TRUE, 0, 10, 90, 88, 80, 'Mediocampista', 0, FALSE, 16);
INSERT INTO estadisticas_jugador_partido (id_jugador, id_partido, es_titular, goles_partido, km_recorridos, minutos_jugados_partido, pases_totales, pases_efectivos, posicion_partido, tarjetas_amarillas, tarjeta_roja, numero_camiseta) VALUES (29, 13, TRUE, 0, 10, 90, 78, 70, 'Mediocampista', 0, FALSE, 41);
INSERT INTO estadisticas_jugador_partido (id_jugador, id_partido, es_titular, goles_partido, km_recorridos, minutos_jugados_partido, pases_totales, pases_efectivos, posicion_partido, tarjetas_amarillas, tarjeta_roja, numero_camiseta) VALUES (30, 8, TRUE, 0, 6, 90, 50, 44, 'Portero', 0, FALSE, 1);
INSERT INTO estadisticas_jugador_partido (id_jugador, id_partido, es_titular, goles_partido, km_recorridos, minutos_jugados_partido, pases_totales, pases_efectivos, posicion_partido, tarjetas_amarillas, tarjeta_roja, numero_camiseta) VALUES (6, 16, FALSE, 1, 5, 45, 20, 17, 'Extremo', 0, FALSE, 11);
INSERT INTO estadisticas_jugador_partido (id_jugador, id_partido, es_titular, goles_partido, km_recorridos, minutos_jugados_partido, pases_totales, pases_efectivos, posicion_partido, tarjetas_amarillas, tarjeta_roja, numero_camiseta) VALUES (9, 29, TRUE, 1, 10, 90, 60, 55, 'Defensa', 0, FALSE, 66);
-- 16. lesion
INSERT INTO lesion (id_lesion, area_corporal, tiempo_recuperacion) VALUES (1, 'Rodilla', 90);
INSERT INTO lesion (id_lesion, area_corporal, tiempo_recuperacion) VALUES (2, 'Tobillo', 30);
INSERT INTO lesion (id_lesion, area_corporal, tiempo_recuperacion) VALUES (3, 'Muslo', 21);
INSERT INTO lesion (id_lesion, area_corporal, tiempo_recuperacion) VALUES (4, 'Isquiotibial', 42);
INSERT INTO lesion (id_lesion, area_corporal, tiempo_recuperacion) VALUES (5, 'Espalda', 14);
INSERT INTO lesion (id_lesion, area_corporal, tiempo_recuperacion) VALUES (6, 'Hombro', 60);
INSERT INTO lesion (id_lesion, area_corporal, tiempo_recuperacion) VALUES (7, 'Pie', 21);
INSERT INTO lesion (id_lesion, area_corporal, tiempo_recuperacion) VALUES (8, 'Cadera', 45);
INSERT INTO lesion (id_lesion, area_corporal, tiempo_recuperacion) VALUES (9, 'Pantorrilla', 28);
INSERT INTO lesion (id_lesion, area_corporal, tiempo_recuperacion) VALUES (10, 'Ligamento Cruzado', 270);
INSERT INTO lesion (id_lesion, area_corporal, tiempo_recuperacion) VALUES (11, 'Peroné', 56);
INSERT INTO lesion (id_lesion, area_corporal, tiempo_recuperacion) VALUES (12, 'Tendon Aquiles', 180);
INSERT INTO lesion (id_lesion, area_corporal, tiempo_recuperacion) VALUES (13, 'Abductor', 35);
INSERT INTO lesion (id_lesion, area_corporal, tiempo_recuperacion) VALUES (14, 'Menisco', 90);
INSERT INTO lesion (id_lesion, area_corporal, tiempo_recuperacion) VALUES (15, 'Cuadriceps', 28);
INSERT INTO lesion (id_lesion, area_corporal, tiempo_recuperacion) VALUES (16, 'Costilla', 42);
INSERT INTO lesion (id_lesion, area_corporal, tiempo_recuperacion) VALUES (17, 'Muneca', 21);
INSERT INTO lesion (id_lesion, area_corporal, tiempo_recuperacion) VALUES (18, 'Clavícula', 45);
INSERT INTO lesion (id_lesion, area_corporal, tiempo_recuperacion) VALUES (19, 'Ingle', 14);
INSERT INTO lesion (id_lesion, area_corporal, tiempo_recuperacion) VALUES (20, 'Gemelo', 21);
INSERT INTO lesion (id_lesion, area_corporal, tiempo_recuperacion) VALUES (21, 'Tibia', 60);
INSERT INTO lesion (id_lesion, area_corporal, tiempo_recuperacion) VALUES (22, 'Dedo del pie', 10);
INSERT INTO lesion (id_lesion, area_corporal, tiempo_recuperacion) VALUES (23, 'Rodilla', 120);
INSERT INTO lesion (id_lesion, area_corporal, tiempo_recuperacion) VALUES (24, 'Tobillo grado II', 45);
INSERT INTO lesion (id_lesion, area_corporal, tiempo_recuperacion) VALUES (25, 'Cuello', 14);
INSERT INTO lesion (id_lesion, area_corporal, tiempo_recuperacion) VALUES (26, 'Pelvis', 56);

-- 17. cirugia
INSERT INTO cirugia (id_cirugia, tipo_cirugia) VALUES (1, 'Artroscopia Rodilla');
INSERT INTO cirugia (id_cirugia, tipo_cirugia) VALUES (2, 'Ligamentoplastia');
INSERT INTO cirugia (id_cirugia, tipo_cirugia) VALUES (3, 'Meniscectomia');
INSERT INTO cirugia (id_cirugia, tipo_cirugia) VALUES (4, 'Reparacion Tendon');
INSERT INTO cirugia (id_cirugia, tipo_cirugia) VALUES (5, 'Osteotomia');
INSERT INTO cirugia (id_cirugia, tipo_cirugia) VALUES (6, 'Tornillo Tobillo');
INSERT INTO cirugia (id_cirugia, tipo_cirugia) VALUES (7, 'Artroscopia Hombro');
INSERT INTO cirugia (id_cirugia, tipo_cirugia) VALUES (8, 'Placa Clavicula');
INSERT INTO cirugia (id_cirugia, tipo_cirugia) VALUES (9, 'Reparacion LCA');
INSERT INTO cirugia (id_cirugia, tipo_cirugia) VALUES (10, 'Reparacion LCP');
INSERT INTO cirugia (id_cirugia, tipo_cirugia) VALUES (11, 'Desbridamiento');
INSERT INTO cirugia (id_cirugia, tipo_cirugia) VALUES (12, 'Microcirculacion');
INSERT INTO cirugia (id_cirugia, tipo_cirugia) VALUES (13, 'Fasciotomia');
INSERT INTO cirugia (id_cirugia, tipo_cirugia) VALUES (14, 'Escision Quiste');
INSERT INTO cirugia (id_cirugia, tipo_cirugia) VALUES (15, 'Reparacion Aquiles');
INSERT INTO cirugia (id_cirugia, tipo_cirugia) VALUES (16, 'Fusion Vertebral');
INSERT INTO cirugia (id_cirugia, tipo_cirugia) VALUES (17, 'Artroplastia');
INSERT INTO cirugia (id_cirugia, tipo_cirugia) VALUES (18, 'Injerto Oseo');
INSERT INTO cirugia (id_cirugia, tipo_cirugia) VALUES (19, 'Perforacion Osea');
INSERT INTO cirugia (id_cirugia, tipo_cirugia) VALUES (20, 'Exeresis Calcifico');
INSERT INTO cirugia (id_cirugia, tipo_cirugia) VALUES (21, 'Reparacion Peroné');
INSERT INTO cirugia (id_cirugia, tipo_cirugia) VALUES (22, 'Artroscopia Cadera');
INSERT INTO cirugia (id_cirugia, tipo_cirugia) VALUES (23, 'Sutura Muscular');
INSERT INTO cirugia (id_cirugia, tipo_cirugia) VALUES (24, 'Reconstruccion LCA');
INSERT INTO cirugia (id_cirugia, tipo_cirugia) VALUES (25, 'Trasplante Cartilago');
INSERT INTO cirugia (id_cirugia, tipo_cirugia) VALUES (26, 'Extraccion Clavo');
INSERT INTO cirugia (id_cirugia, tipo_cirugia) VALUES (27, 'Reparacion Labrum');
INSERT INTO cirugia (id_cirugia, tipo_cirugia) VALUES (28, 'Transferencia Tendón');
INSERT INTO cirugia (id_cirugia, tipo_cirugia) VALUES (29, 'Elongacion Muscular');
INSERT INTO cirugia (id_cirugia, tipo_cirugia) VALUES (30, 'Reduccion Fractura');
-- 18. estatus_lesion
INSERT INTO estatus_lesion (id_jugador, id_lesion, id_cirugia, temporada_lesion, esta_lesionado) VALUES (1, 3, 30, '2023-08-11', FALSE);
INSERT INTO estatus_lesion (id_jugador, id_lesion, id_cirugia, temporada_lesion, esta_lesionado) VALUES (2, 1, 9, '2022-08-06', FALSE);
INSERT INTO estatus_lesion (id_jugador, id_lesion, id_cirugia, temporada_lesion, esta_lesionado) VALUES (3, 5, 30, '2023-08-11', FALSE);
INSERT INTO estatus_lesion (id_jugador, id_lesion, id_cirugia, temporada_lesion, esta_lesionado) VALUES (4, 2, 30, '2023-08-11', FALSE);
INSERT INTO estatus_lesion (id_jugador, id_lesion, id_cirugia, temporada_lesion, esta_lesionado) VALUES (5, 4, 30, '2021-08-14', FALSE);
INSERT INTO estatus_lesion (id_jugador, id_lesion, id_cirugia, temporada_lesion, esta_lesionado) VALUES (6, 3, 30, '2023-08-11', FALSE);
INSERT INTO estatus_lesion (id_jugador, id_lesion, id_cirugia, temporada_lesion, esta_lesionado) VALUES (7, 2, 30, '2023-08-11', FALSE);
INSERT INTO estatus_lesion (id_jugador, id_lesion, id_cirugia, temporada_lesion, esta_lesionado) VALUES (8, 5, 30, '2023-08-11', FALSE);
INSERT INTO estatus_lesion (id_jugador, id_lesion, id_cirugia, temporada_lesion, esta_lesionado) VALUES (9, 4, 30, '2023-08-11', FALSE);
INSERT INTO estatus_lesion (id_jugador, id_lesion, id_cirugia, temporada_lesion, esta_lesionado) VALUES (10, 3, 30, '2023-08-11', FALSE);
INSERT INTO estatus_lesion (id_jugador, id_lesion, id_cirugia, temporada_lesion, esta_lesionado) VALUES (11, 2, 30, '2022-08-06', FALSE);
INSERT INTO estatus_lesion (id_jugador, id_lesion, id_cirugia, temporada_lesion, esta_lesionado) VALUES (12, 1, 1, '2023-08-11', FALSE);
INSERT INTO estatus_lesion (id_jugador, id_lesion, id_cirugia, temporada_lesion, esta_lesionado) VALUES (13, 6, 7, '2023-01-14', FALSE);
INSERT INTO estatus_lesion (id_jugador, id_lesion, id_cirugia, temporada_lesion, esta_lesionado) VALUES (14, 4, 30, '2023-08-11', FALSE);
INSERT INTO estatus_lesion (id_jugador, id_lesion, id_cirugia, temporada_lesion, esta_lesionado) VALUES (15, 2, 30, '2023-08-11', FALSE);
INSERT INTO estatus_lesion (id_jugador, id_lesion, id_cirugia, temporada_lesion, esta_lesionado) VALUES (16, 10, 9, '2020-09-12', FALSE);
INSERT INTO estatus_lesion (id_jugador, id_lesion, id_cirugia, temporada_lesion, esta_lesionado) VALUES (17, 3, 30, '2023-08-11', FALSE);
INSERT INTO estatus_lesion (id_jugador, id_lesion, id_cirugia, temporada_lesion, esta_lesionado) VALUES (18, 9, 30, '2023-08-11', FALSE);
INSERT INTO estatus_lesion (id_jugador, id_lesion, id_cirugia, temporada_lesion, esta_lesionado) VALUES (19, 8, 30, '2022-08-06', FALSE);
INSERT INTO estatus_lesion (id_jugador, id_lesion, id_cirugia, temporada_lesion, esta_lesionado) VALUES (20, 7, 30, '2023-08-11', FALSE);
INSERT INTO estatus_lesion (id_jugador, id_lesion, id_cirugia, temporada_lesion, esta_lesionado) VALUES (21, 15, 30, '2023-08-11', FALSE);
INSERT INTO estatus_lesion (id_jugador, id_lesion, id_cirugia, temporada_lesion, esta_lesionado) VALUES (22, 7, 30, '2022-08-06', FALSE);
INSERT INTO estatus_lesion (id_jugador, id_lesion, id_cirugia, temporada_lesion, esta_lesionado) VALUES (23, 3, 30, '2023-08-11', FALSE);
INSERT INTO estatus_lesion (id_jugador, id_lesion, id_cirugia, temporada_lesion, esta_lesionado) VALUES (24, 19, 30, '2023-08-11', TRUE);
INSERT INTO estatus_lesion (id_jugador, id_lesion, id_cirugia, temporada_lesion, esta_lesionado) VALUES (25, 2, 30, '2023-08-11', FALSE);
INSERT INTO estatus_lesion (id_jugador, id_lesion, id_cirugia, temporada_lesion, esta_lesionado) VALUES (26, 4, 30, '2023-08-11', FALSE);
INSERT INTO estatus_lesion (id_jugador, id_lesion, id_cirugia, temporada_lesion, esta_lesionado) VALUES (27, 3, 30, '2023-08-11', FALSE);
INSERT INTO estatus_lesion (id_jugador, id_lesion, id_cirugia, temporada_lesion, esta_lesionado) VALUES (28, 5, 30, '2023-08-11', FALSE);
INSERT INTO estatus_lesion (id_jugador, id_lesion, id_cirugia, temporada_lesion, esta_lesionado) VALUES (29, 2, 30, '2023-08-11', FALSE);
INSERT INTO estatus_lesion (id_jugador, id_lesion, id_cirugia, temporada_lesion, esta_lesionado) VALUES (30, 7, 30, '2021-08-14', FALSE);